Titration Data Only,,,,,,,,,,,,,,,,,,,
Measure (normal) [1],,,,,,,"Scope 1/1, Sample 1/12",,,,,,,,,,,,
Measured Values,,,,"Scope 1/1, Sample 1/12",,,,,,,,,,,,,,,
,Time,,,,Meas. value,,,,,,Temp.,,,,dE,,,,
,[s],,,,[mV],,,,,,[°C],,,,[mV],,,,
,1,,,,-50,,,,,,17,,,,,,,,
,2,,,,-50,,,,,,17,,,,0,,,,
,3,,,,-50,,,,,,17,,,,0,,,,
,4,,,,-50,,,,,,17,,,,0,,,,
,5,,,,-50,,,,,,17,,,,0,,,,
,6,,,,-50,,,,,,17,,,,0,,,,
,7,,,,-50,,,,,,17,,,,0,,,,
,8,,,,-50,,,,,,17,,,,0,,,,
,9,,,,-50,,,,,,17,,,,0,,,,
,10,,,,-50,,,,,,17,,,,0,,,,
Titration (EP) [1],,,,,,,"Scope 1/1, Sample 1/12",,,,,,,,,,,,
Measured Values,,,,"Scope 1/1, Sample 1/12",,,,,,,,,,,,,,,
,Time,,V,,,,,Meas. value,,,dV,,Temp.,,dE,,,,EP
,[s],,[mL],,,,,[mV],,,[mL],,[°C],,[mV],,,,
,0,,0,,,,,-50,,,,,17,,,,,,
,1,,0.001,,,,,-50,,,0.001,,17,,0,,,,
,2,,0.005,,,,,-49.9,,,0.004,,17,,0.1,,,,
,3,,0.011,,,,,-49.7,,,0.006,,17,,0.2,,,,
,4,,0.0195,,,,,-48.7,,,0.0085,,17,,1,,,,
,5,,0.0335,,,,,-46.1,,,0.014,,17,,2.6,,,,
,6,,0.054,,,,,-42,,,0.0205,,17,,4.1,,,,
,7,,0.078,,,,,-34,,,0.024,,17,,8,,,,
,8,,0.112,,,,,-22.2,,,0.034,,17,,11.8,,,,
,9,,0.1535,,,,,-8.8,,,0.0415,,17,,13.4,,,,
,10,,0.2045,,,,,5.2,,,0.051,,17,,14,,,,
,11,,0.267,,,,,18.2,,,0.0625,,17,,13,,,,
,12,,0.341,,,,,29.9,,,0.074,,17,,11.7,,,,
,13,,0.418,,,,,41.6,,,0.077,,17,,11.7,,,,
,14,,0.517,,,,,53.1,,,0.099,,17,,11.5,,,,
,15,,0.629,,,,,64.6,,,0.112,,17,,11.5,,,,
,16,,0.754,,,,,76.3,,,0.125,,17,,11.7,,,,
,17,,0.891,,,,,87.8,,,0.137,,17,,11.5,,,,
,18,,1.0225,,,,,100.9,,,0.1315,,17,,13.1,,,,
,19,,1.073,,,,,107.6,,,0.0505,,17,,6.7,,,,
,20,,1.1025,,,,,106.1,,,0.0295,,17,,-1.5,,,,
,21,,1.1385,,,,,107.2,,,0.036,,17,,1.1,,,,
,22,,1.182,,,,,111.7,,,0.0435,,17,,4.5,,,,
,23,,1.23,,,,,119,,,0.048,,17,,7.3,,,,
,24,,1.275,,,,,126.2,,,0.045,,17,,7.2,,,,
,25,,1.322,,,,,136.3,,,0.047,,17,,10.1,,,,
,26,,1.339,,,,,143.4,,,0.017,,17,,7.1,,,,
,27,,1.346,,,,,145.6,,,0.007,,17.1,,2.2,,,,
,28,,1.3555,,,,,147.6,,,0.0095,,17.1,,2,,,,
,29,,1.369,,,,,150.3,,,0.0135,,17.1,,2.7,,,,
,30,,1.383,,,,,153.6,,,0.014,,17.1,,3.3,,,,
,31,,1.401,,,,,158,,,0.018,,17.1,,4.4,,,,
,32,,1.419,,,,,163,,,0.018,,17.1,,5,,,,
,33,,1.4315,,,,,167.5,,,0.0125,,17.1,,4.5,,,,
,34,,1.4385,,,,,170.1,,,0.007,,17.1,,2.6,,,,
,35,,1.445,,,,,172,,,0.0065,,17.1,,1.9,,,,
,36,,1.4525,,,,,173.6,,,0.0075,,17.1,,1.6,,,,
,37,,1.462,,,,,175.3,,,0.0095,,17.1,,1.7,,,,
,38,,1.473,,,,,177.5,,,0.011,,17.1,,2.2,,,,
,39,,1.484,,,,,179.7,,,0.011,,17.1,,2.2,,,,
,40,,1.494,,,,,181.7,,,0.01,,17.1,,2,,,,
,41,,1.5015,,,,,183.4,,,0.0075,,17.1,,1.7,,,,
,42,,1.5075,,,,,184.5,,,0.006,,17.1,,1.1,,,,
,43,,1.514,,,,,185.5,,,0.0065,,17.1,,1,,,,
,44,,1.5215,,,,,186.7,,,0.0075,,17.1,,1.2,,,,
,45,,1.5285,,,,,187.8,,,0.007,,17.1,,1.1,,,,
,46,,1.5345,,,,,188.8,,,0.006,,17.1,,1,,,,
,47,,1.54,,,,,189.6,,,0.0055,,17.1,,0.8,,,,
,48,,1.544,,,,,190.2,,,0.004,,17.1,,0.6,,,,
,49,,1.549,,,,,190.9,,,0.005,,17.1,,0.7,,,,
,50,,1.5535,,,,,191.3,,,0.0045,,17.1,,0.4,,,,
,51,,1.5585,,,,,191.9,,,0.005,,17.1,,0.6,,,,
,52,,1.563,,,,,192.4,,,0.0045,,17.1,,0.5,,,,
,53,,1.566,,,,,192.9,,,0.003,,17.1,,0.5,,,,
,54,,1.568,,,,,193.2,,,0.002,,17.1,,0.3,,,,
,55,,1.5705,,,,,193.5,,,0.0025,,17.1,,0.3,,,,
,56,,1.573,,,,,193.7,,,0.0025,,17.1,,0.2,,,,
,57,,1.5755,,,,,194,,,0.0025,,17.1,,0.3,,,,
,58,,1.5785,,,,,194.2,,,0.003,,17.1,,0.2,,,,
,59,,1.581,,,,,194.5,,,0.0025,,17.1,,0.3,,,,
,60,,1.583,,,,,194.7,,,0.002,,17.1,,0.2,,,,
,61,,1.5845,,,,,194.9,,,0.0015,,17.1,,0.2,,,,
,62,,1.5855,,,,,195.1,,,0.001,,17.1,,0.2,,,,
,63,,1.587,,,,,195.2,,,0.0015,,17.1,,0.1,,,,
,64,,1.59,,,,,195.3,,,0.003,,17.1,,0.1,,,,
,65,,1.591,,,,,195.6,,,0.001,,17.1,,0.3,,,,
,66,,1.5925,,,,,195.7,,,0.0015,,17.1,,0.1,,,,
,67,,1.595,,,,,195.9,,,0.0025,,17.1,,0.2,,,,
,68,,1.5965,,,,,196,,,0.0015,,17.1,,0.1,,,,
,,,1.5965,,,,,196,,,,,,,,,,,EP
,69,,1.597,,,,,196.2,,,0.0005,,17.1,,0.2,,,,
,70,,1.597,,,,,196.3,,,0,,17.1,,0.1,,,,
,71,,1.597,,,,,196.2,,,0,,17.1,,-0.1,,,,
Titration (EQP) [2],,,,,,,"Scope 1/1, Sample 1/12",,,,,,,,,,,,
Measured Values,,,,"Scope 1/1, Sample 1/12",,,,,,,,,,,,,,,
,Time,,V,,,,,Meas. value,,dV,,,Temp.,,,,dE,,
,[s],,[mL],,,,,[mV],,[mL],,,[°C],,,,[mV],,
,0,,0,,,,,195.1,,,,,17.5,,,,,,
,3,,0.02,,,,,196.6,,0.02,,,17.5,,,,1.5,,
,6,,0.04,,,,,198.5,,0.02,,,17.5,,,,1.9,,
,9,,0.06,,,,,200.4,,0.02,,,17.5,,,,1.9,,
,12,,0.08,,,,,202.3,,0.02,,,17.5,,,,1.9,,
,15,,0.1,,,,,204,,0.02,,,17.5,,,,1.7,,
,18,,0.12,,,,,205.6,,0.02,,,17.5,,,,1.6,,
,21,,0.14,,,,,207,,0.02,,,17.5,,,,1.4,,
,24,,0.16,,,,,208.3,,0.02,,,17.5,,,,1.3,,
,27,,0.18,,,,,209.6,,0.02,,,17.5,,,,1.3,,
,30,,0.2,,,,,210.8,,0.02,,,17.5,,,,1.2,,
,33,,0.22,,,,,212.1,,0.02,,,17.5,,,,1.3,,
,36,,0.24,,,,,213.3,,0.02,,,17.5,,,,1.2,,
,39,,0.26,,,,,214.3,,0.02,,,17.5,,,,1,,
,42,,0.28,,,,,215.4,,0.02,,,17.5,,,,1.1,,
,45,,0.3,,,,,216.4,,0.02,,,17.5,,,,1,,
,48,,0.32,,,,,217.4,,0.02,,,17.5,,,,1,,
,51,,0.34,,,,,218.3,,0.02,,,17.5,,,,0.9,,
,54,,0.36,,,,,219.2,,0.02,,,17.5,,,,0.9,,
,58,,0.38,,,,,219.9,,0.02,,,17.5,,,,0.7,,
,60,,0.4,,,,,220.8,,0.02,,,17.5,,,,0.9,,
,64,,0.42,,,,,221.7,,0.02,,,17.5,,,,0.9,,
,66,,0.44,,,,,222.5,,0.02,,,17.5,,,,0.8,,
,70,,0.46,,,,,223.3,,0.02,,,17.5,,,,0.8,,
,72,,0.48,,,,,224,,0.02,,,17.5,,,,0.7,,
,76,,0.5,,,,,224.7,,0.02,,,17.5,,,,0.7,,
,78,,0.52,,,,,225.4,,0.02,,,17.5,,,,0.7,,
,82,,0.54,,,,,226.1,,0.02,,,17.5,,,,0.7,,
,85,,0.56,,,,,226.7,,0.02,,,17.5,,,,0.6,,
,88,,0.58,,,,,227.3,,0.02,,,17.5,,,,0.6,,
,91,,0.6,,,,,227.9,,0.02,,,17.5,,,,0.6,,
,94,,0.62,,,,,228.6,,0.02,,,17.5,,,,0.7,,
,97,,0.64,,,,,229.2,,0.02,,,17.5,,,,0.6,,
,100,,0.66,,,,,229.7,,0.02,,,17.5,,,,0.5,,
,103,,0.68,,,,,230.3,,0.02,,,17.5,,,,0.6,,
,106,,0.7,,,,,230.9,,0.02,,,17.5,,,,0.6,,
,109,,0.72,,,,,231.4,,0.02,,,17.5,,,,0.5,,
,112,,0.74,,,,,231.9,,0.02,,,17.5,,,,0.5,,
,115,,0.76,,,,,232.4,,0.02,,,17.5,,,,0.5,,
,118,,0.78,,,,,232.9,,0.02,,,17.5,,,,0.5,,
,121,,0.8,,,,,233.5,,0.02,,,17.5,,,,0.6,,
,124,,0.82,,,,,234,,0.02,,,17.5,,,,0.5,,
,127,,0.84,,,,,234.5,,0.02,,,17.5,,,,0.5,,
,130,,0.86,,,,,234.9,,0.02,,,17.5,,,,0.4,,
,133,,0.88,,,,,235.4,,0.02,,,17.5,,,,0.5,,
,136,,0.9,,,,,235.8,,0.02,,,17.5,,,,0.4,,
,139,,0.92,,,,,236.4,,0.02,,,17.5,,,,0.6,,
,142,,0.94,,,,,236.8,,0.02,,,17.5,,,,0.4,,
,145,,0.96,,,,,237.2,,0.02,,,17.5,,,,0.4,,
,148,,0.98,,,,,237.6,,0.02,,,17.5,,,,0.4,,
,151,,1,,,,,238,,0.02,,,17.5,,,,0.4,,
,154,,1.02,,,,,238.5,,0.02,,,17.5,,,,0.5,,
,157,,1.04,,,,,238.9,,0.02,,,17.5,,,,0.4,,
,160,,1.06,,,,,239.3,,0.02,,,17.5,,,,0.4,,
,163,,1.08,,,,,239.6,,0.02,,,17.5,,,,0.3,,
,166,,1.1,,,,,240,,0.02,,,17.5,,,,0.4,,
,169,,1.12,,,,,240.4,,0.02,,,17.5,,,,0.4,,
,172,,1.14,,,,,240.8,,0.02,,,17.6,,,,0.4,,
,175,,1.16,,,,,241.2,,0.02,,,17.6,,,,0.4,,
,178,,1.18,,,,,241.5,,0.02,,,17.6,,,,0.3,,
,181,,1.2,,,,,241.9,,0.02,,,17.6,,,,0.4,,
,184,,1.22,,,,,242.2,,0.02,,,17.6,,,,0.3,,
,187,,1.24,,,,,242.5,,0.02,,,17.6,,,,0.3,,
,190,,1.26,,,,,242.9,,0.02,,,17.6,,,,0.4,,
,193,,1.28,,,,,243.2,,0.02,,,17.6,,,,0.3,,
,196,,1.3,,,,,243.6,,0.02,,,17.6,,,,0.4,,
,199,,1.32,,,,,243.9,,0.02,,,17.6,,,,0.3,,
,202,,1.34,,,,,244.2,,0.02,,,17.6,,,,0.3,,
,205,,1.36,,,,,244.5,,0.02,,,17.6,,,,0.3,,
,208,,1.38,,,,,244.8,,0.02,,,17.6,,,,0.3,,
,212,,1.4,,,,,245.2,,0.02,,,17.6,,,,0.4,,
,214,,1.42,,,,,245.5,,0.02,,,17.6,,,,0.3,,
,218,,1.44,,,,,245.8,,0.02,,,17.6,,,,0.3,,
,221,,1.46,,,,,246.1,,0.02,,,17.6,,,,0.3,,
,224,,1.48,,,,,246.4,,0.02,,,17.6,,,,0.3,,
,227,,1.5,,,,,246.7,,0.02,,,17.6,,,,0.3,,
,230,,1.52,,,,,247,,0.02,,,17.6,,,,0.3,,
,233,,1.54,,,,,247.3,,0.02,,,17.6,,,,0.3,,
,236,,1.56,,,,,247.5,,0.02,,,17.6,,,,0.2,,
,239,,1.58,,,,,247.8,,0.02,,,17.6,,,,0.3,,
,242,,1.6,,,,,248.1,,0.02,,,17.6,,,,0.3,,
Measure (normal) [1],,,,,,,"Scope 1/1, Sample 2/12",,,,,,,,,,,,
Measured Values,,,,"Scope 1/1, Sample 2/12",,,,,,,,,,,,,,,
,Time,,,,Meas. value,,,,,,Temp.,,,,dE,,,,
,[s],,,,[mV],,,,,,[°C],,,,[mV],,,,
,1,,,,-58.5,,,,,,17,,,,,,,,
,2,,,,-58.5,,,,,,17,,,,0,,,,
,3,,,,-58.5,,,,,,17,,,,0,,,,
,4,,,,-58.5,,,,,,17,,,,0,,,,
,5,,,,-58.5,,,,,,17,,,,0,,,,
,6,,,,-58.5,,,,,,17,,,,0,,,,
,7,,,,-58.6,,,,,,17,,,,-0.1,,,,
,8,,,,-58.6,,,,,,17,,,,0,,,,
,9,,,,-58.6,,,,,,17,,,,0,,,,
Titration (EP) [1],,,,,,,"Scope 1/1, Sample 2/12",,,,,,,,,,,,
Measured Values,,,,"Scope 1/1, Sample 2/12",,,,,,,,,,,,,,,
,Time,,V,,,,,Meas. value,,,dV,,Temp.,,dE,,,,EP
,[s],,[mL],,,,,[mV],,,[mL],,[°C],,[mV],,,,
,0,,0,,,,,-58.7,,,,,17,,,,,,
,1,,0.001,,,,,-58.7,,,0.001,,17,,0,,,,
,2,,0.005,,,,,-58.7,,,0.004,,17,,0,,,,
,3,,0.011,,,,,-58.6,,,0.006,,17,,0.1,,,,
,4,,0.02,,,,,-57.9,,,0.009,,17,,0.7,,,,
,5,,0.0345,,,,,-56.4,,,0.0145,,17,,1.5,,,,
,6,,0.0555,,,,,-53.6,,,0.021,,17,,2.8,,,,
,7,,0.08,,,,,-49.6,,,0.0245,,17,,4,,,,
,8,,0.1145,,,,,-43.2,,,0.0345,,17,,6.4,,,,
,9,,0.157,,,,,-35.2,,,0.0425,,17,,8,,,,
,10,,0.209,,,,,-24,,,0.052,,17,,11.2,,,,
,11,,0.272,,,,,-10.9,,,0.063,,17,,13.1,,,,
,12,,0.3475,,,,,2.5,,,0.0755,,17,,13.4,,,,
,13,,0.4255,,,,,14.4,,,0.078,,17,,11.9,,,,
,14,,0.525,,,,,30.8,,,0.0995,,17,,16.4,,,,
,15,,0.638,,,,,45.3,,,0.113,,17,,14.5,,,,
,16,,0.762,,,,,61,,,0.124,,17,,15.7,,,,
,17,,0.899,,,,,80.7,,,0.137,,17,,19.7,,,,
,18,,1.048,,,,,98.1,,,0.149,,17,,17.4,,,,
,19,,1.0925,,,,,112.6,,,0.0445,,17,,14.5,,,,
,20,,1.097,,,,,106.1,,,0.0045,,17,,-6.5,,,,
,21,,1.103,,,,,101.6,,,0.006,,17,,-4.5,,,,
,22,,1.1105,,,,,101,,,0.0075,,17,,-0.6,,,,
,23,,1.122,,,,,103.5,,,0.0115,,17,,2.5,,,,
,24,,1.139,,,,,109.5,,,0.017,,17,,6,,,,
,25,,1.1565,,,,,113.3,,,0.0175,,17.1,,3.8,,,,
,26,,1.1795,,,,,119.6,,,0.023,,17.1,,6.3,,,,
,27,,1.2045,,,,,127.3,,,0.025,,17.1,,7.7,,,,
,28,,1.2295,,,,,134.3,,,0.025,,17.1,,7,,,,
,29,,1.252,,,,,142.4,,,0.0225,,17.1,,8.1,,,,
,30,,1.2655,,,,,148.1,,,0.0135,,17.1,,5.7,,,,
,31,,1.2765,,,,,152.5,,,0.011,,17.1,,4.4,,,,
,32,,1.289,,,,,157,,,0.0125,,17.1,,4.5,,,,
,33,,1.3025,,,,,160.7,,,0.0135,,17.1,,3.7,,,,
,34,,1.3165,,,,,165.2,,,0.014,,17.1,,4.5,,,,
,35,,1.3265,,,,,169,,,0.01,,17.1,,3.8,,,,
,36,,1.333,,,,,171.8,,,0.0065,,17.1,,2.8,,,,
,37,,1.3385,,,,,173.5,,,0.0055,,17.1,,1.7,,,,
,38,,1.346,,,,,175.2,,,0.0075,,17.1,,1.7,,,,
,39,,1.355,,,,,176.8,,,0.009,,17.1,,1.6,,,,
,40,,1.3655,,,,,178.5,,,0.0105,,17.1,,1.7,,,,
,41,,1.377,,,,,180.4,,,0.0115,,17.1,,1.9,,,,
,42,,1.389,,,,,182.3,,,0.012,,17.1,,1.9,,,,
,43,,1.3975,,,,,184,,,0.0085,,17.1,,1.7,,,,
,44,,1.404,,,,,185.5,,,0.0065,,17.1,,1.5,,,,
,45,,1.4085,,,,,186.5,,,0.0045,,17.1,,1,,,,
,46,,1.4135,,,,,187.4,,,0.005,,17.1,,0.9,,,,
,47,,1.4185,,,,,188.2,,,0.005,,17.1,,0.8,,,,
,48,,1.4245,,,,,189,,,0.006,,17.1,,0.8,,,,
,49,,1.43,,,,,189.7,,,0.0055,,17.1,,0.7,,,,
,50,,1.435,,,,,190.4,,,0.005,,17.1,,0.7,,,,
,51,,1.44,,,,,191,,,0.005,,17.1,,0.6,,,,
,52,,1.444,,,,,191.5,,,0.004,,17.1,,0.5,,,,
,53,,1.447,,,,,192.1,,,0.003,,17.1,,0.6,,,,
,54,,1.4495,,,,,192.6,,,0.0025,,17.1,,0.5,,,,
,55,,1.452,,,,,192.9,,,0.0025,,17.1,,0.3,,,,
,56,,1.4545,,,,,193.3,,,0.0025,,17.1,,0.4,,,,
,57,,1.457,,,,,193.5,,,0.0025,,17.1,,0.2,,,,
,58,,1.46,,,,,193.9,,,0.003,,17.1,,0.4,,,,
,59,,1.462,,,,,194.2,,,0.002,,17.1,,0.3,,,,
,60,,1.464,,,,,194.5,,,0.002,,17.1,,0.3,,,,
,61,,1.466,,,,,194.7,,,0.002,,17.1,,0.2,,,,
,62,,1.468,,,,,195,,,0.002,,17.1,,0.3,,,,
,63,,1.4685,,,,,195.2,,,0.0005,,17.1,,0.2,,,,
,64,,1.4705,,,,,195.3,,,0.002,,17.1,,0.1,,,,
,65,,1.472,,,,,195.5,,,0.0015,,17.1,,0.2,,,,
,66,,1.4735,,,,,195.6,,,0.0015,,17.1,,0.1,,,,
,67,,1.4745,,,,,195.8,,,0.001,,17.1,,0.2,,,,
,68,,1.4765,,,,,195.9,,,0.002,,17.1,,0.1,,,,
,,,1.477,,,,,196,,,,,,,,,,,EP
,69,,1.4775,,,,,196.1,,,0.001,,17.1,,0.2,,,,
,70,,1.4775,,,,,196.3,,,0,,17.1,,0.2,,,,
,71,,1.4775,,,,,196.3,,,0,,17.1,,0,,,,
Titration (EQP) [2],,,,,,,"Scope 1/1, Sample 2/12",,,,,,,,,,,,
Measured Values,,,,"Scope 1/1, Sample 2/12",,,,,,,,,,,,,,,
,Time,,V,,,,,Meas. value,,dV,,,Temp.,,,,dE,,
,[s],,[mL],,,,,[mV],,[mL],,,[°C],,,,[mV],,
,0,,0,,,,,196.3,,,,,17.4,,,,,,
,3,,0.02,,,,,197.8,,0.02,,,17.4,,,,1.5,,
,6,,0.04,,,,,199.7,,0.02,,,17.4,,,,1.9,,
,9,,0.06,,,,,201.4,,0.02,,,17.4,,,,1.7,,
,12,,0.08,,,,,203.2,,0.02,,,17.4,,,,1.8,,
,15,,0.1,,,,,204.8,,0.02,,,17.4,,,,1.6,,
,18,,0.12,,,,,206.3,,0.02,,,17.4,,,,1.5,,
,21,,0.14,,,,,207.6,,0.02,,,17.4,,,,1.3,,
,24,,0.16,,,,,208.9,,0.02,,,17.4,,,,1.3,,
,27,,0.18,,,,,210.1,,0.02,,,17.4,,,,1.2,,
,30,,0.2,,,,,211.3,,0.02,,,17.4,,,,1.2,,
,33,,0.22,,,,,212.5,,0.02,,,17.4,,,,1.2,,
,36,,0.24,,,,,213.6,,0.02,,,17.4,,,,1.1,,
,39,,0.26,,,,,214.7,,0.02,,,17.4,,,,1.1,,
,42,,0.28,,,,,215.7,,0.02,,,17.4,,,,1,,
,45,,0.3,,,,,216.7,,0.02,,,17.4,,,,1,,
,48,,0.32,,,,,217.7,,0.02,,,17.4,,,,1,,
,51,,0.34,,,,,218.5,,0.02,,,17.4,,,,0.8,,
,54,,0.36,,,,,219.4,,0.02,,,17.4,,,,0.9,,
,57,,0.38,,,,,220.2,,0.02,,,17.4,,,,0.8,,
,60,,0.4,,,,,220.9,,0.02,,,17.4,,,,0.7,,
,63,,0.42,,,,,221.7,,0.02,,,17.4,,,,0.8,,
,66,,0.44,,,,,222.4,,0.02,,,17.4,,,,0.7,,
,70,,0.46,,,,,223.2,,0.02,,,17.4,,,,0.8,,
,72,,0.48,,,,,223.9,,0.02,,,17.4,,,,0.7,,
,76,,0.5,,,,,224.6,,0.02,,,17.4,,,,0.7,,
,79,,0.52,,,,,225.4,,0.02,,,17.4,,,,0.8,,
,82,,0.54,,,,,226.1,,0.02,,,17.4,,,,0.7,,
,85,,0.56,,,,,226.6,,0.02,,,17.4,,,,0.5,,
,88,,0.58,,,,,227.2,,0.02,,,17.4,,,,0.6,,
,91,,0.6,,,,,227.8,,0.02,,,17.4,,,,0.6,,
,94,,0.62,,,,,228.4,,0.02,,,17.4,,,,0.6,,
,97,,0.64,,,,,229,,0.02,,,17.4,,,,0.6,,
,100,,0.66,,,,,229.6,,0.02,,,17.4,,,,0.6,,
,103,,0.68,,,,,230.2,,0.02,,,17.4,,,,0.6,,
,106,,0.7,,,,,230.7,,0.02,,,17.4,,,,0.5,,
,109,,0.72,,,,,231.2,,0.02,,,17.4,,,,0.5,,
,112,,0.74,,,,,231.8,,0.02,,,17.4,,,,0.6,,
,115,,0.76,,,,,232.2,,0.02,,,17.4,,,,0.4,,
,118,,0.78,,,,,232.7,,0.02,,,17.4,,,,0.5,,
,121,,0.8,,,,,233.1,,0.02,,,17.4,,,,0.4,,
,124,,0.82,,,,,233.7,,0.02,,,17.4,,,,0.6,,
,127,,0.84,,,,,234.2,,0.02,,,17.4,,,,0.5,,
,130,,0.86,,,,,234.7,,0.02,,,17.4,,,,0.5,,
,133,,0.88,,,,,235.1,,0.02,,,17.4,,,,0.4,,
,136,,0.9,,,,,235.6,,0.02,,,17.4,,,,0.5,,
,139,,0.92,,,,,236,,0.02,,,17.4,,,,0.4,,
,142,,0.94,,,,,236.4,,0.02,,,17.4,,,,0.4,,
,145,,0.96,,,,,236.9,,0.02,,,17.4,,,,0.5,,
,148,,0.98,,,,,237.2,,0.02,,,17.4,,,,0.3,,
,151,,1,,,,,237.7,,0.02,,,17.4,,,,0.5,,
,154,,1.02,,,,,238.1,,0.02,,,17.4,,,,0.4,,
,157,,1.04,,,,,238.5,,0.02,,,17.4,,,,0.4,,
,160,,1.06,,,,,238.8,,0.02,,,17.5,,,,0.3,,
,163,,1.08,,,,,239.2,,0.02,,,17.5,,,,0.4,,
,166,,1.1,,,,,239.6,,0.02,,,17.5,,,,0.4,,
,169,,1.12,,,,,240,,0.02,,,17.5,,,,0.4,,
,172,,1.14,,,,,240.3,,0.02,,,17.5,,,,0.3,,
,175,,1.16,,,,,240.7,,0.02,,,17.5,,,,0.4,,
,178,,1.18,,,,,241,,0.02,,,17.5,,,,0.3,,
,181,,1.2,,,,,241.3,,0.02,,,17.5,,,,0.3,,
,184,,1.22,,,,,241.7,,0.02,,,17.5,,,,0.4,,
,187,,1.24,,,,,242.1,,0.02,,,17.5,,,,0.4,,
,190,,1.26,,,,,242.4,,0.02,,,17.5,,,,0.3,,
,193,,1.28,,,,,242.8,,0.02,,,17.5,,,,0.4,,
,196,,1.3,,,,,243.1,,0.02,,,17.5,,,,0.3,,
,199,,1.32,,,,,243.4,,0.02,,,17.5,,,,0.3,,
,202,,1.34,,,,,243.8,,0.02,,,17.5,,,,0.4,,
,205,,1.36,,,,,244,,0.02,,,17.5,,,,0.2,,
,208,,1.38,,,,,244.3,,0.02,,,17.5,,,,0.3,,
,211,,1.4,,,,,244.6,,0.02,,,17.5,,,,0.3,,
,214,,1.42,,,,,244.9,,0.02,,,17.5,,,,0.3,,
,217,,1.44,,,,,245.2,,0.02,,,17.5,,,,0.3,,
,220,,1.46,,,,,245.5,,0.02,,,17.5,,,,0.3,,
,223,,1.48,,,,,245.8,,0.02,,,17.5,,,,0.3,,
,226,,1.5,,,,,246.1,,0.02,,,17.5,,,,0.3,,
,229,,1.52,,,,,246.4,,0.02,,,17.5,,,,0.3,,
,232,,1.54,,,,,246.7,,0.02,,,17.5,,,,0.3,,
,235,,1.56,,,,,247,,0.02,,,17.5,,,,0.3,,
,238,,1.58,,,,,247.1,,0.02,,,17.5,,,,0.1,,
,242,,1.6,,,,,247.5,,0.02,,,17.5,,,,0.4,,
,244,,1.62,,,,,247.7,,0.02,,,17.5,,,,0.2,,
,248,,1.64,,,,,248,,0.02,,,17.5,,,,0.3,,
Measure (normal) [1],,,,,,,"Scope 1/1, Sample 3/12",,,,,,,,,,,,
Measured Values,,,,"Scope 1/1, Sample 3/12",,,,,,,,,,,,,,,
,Time,,,,Meas. value,,,,,,Temp.,,,,dE,,,,
,[s],,,,[mV],,,,,,[°C],,,,[mV],,,,
,1,,,,-59.2,,,,,,17.1,,,,,,,,
,2,,,,-59.2,,,,,,17.1,,,,0,,,,
,3,,,,-59.2,,,,,,17.1,,,,0,,,,
,4,,,,-59.2,,,,,,17.1,,,,0,,,,
,5,,,,-59.2,,,,,,17.1,,,,0,,,,
,6,,,,-59.2,,,,,,17.1,,,,0,,,,
,7,,,,-59.2,,,,,,17.1,,,,0,,,,
,8,,,,-59.2,,,,,,17.1,,,,0,,,,
,9,,,,-59.2,,,,,,17.1,,,,0,,,,
,10,,,,-59.2,,,,,,17.1,,,,0,,,,
Titration (EP) [1],,,,,,,"Scope 1/1, Sample 3/12",,,,,,,,,,,,
Measured Values,,,,"Scope 1/1, Sample 3/12",,,,,,,,,,,,,,,
,Time,,V,,,,,Meas. value,,,dV,,Temp.,,dE,,,,EP
,[s],,[mL],,,,,[mV],,,[mL],,[°C],,[mV],,,,
,0,,0,,,,,-59.3,,,,,17.1,,,,,,
,1,,0.001,,,,,-59.2,,,0.001,,17.1,,0.1,,,,
,2,,0.005,,,,,-59.2,,,0.004,,17.1,,0,,,,
,3,,0.011,,,,,-59.1,,,0.006,,17.1,,0.1,,,,
,4,,0.0195,,,,,-58.5,,,0.0085,,17.1,,0.6,,,,
,5,,0.0335,,,,,-57.1,,,0.014,,17.1,,1.4,,,,
,6,,0.054,,,,,-54.5,,,0.0205,,17.2,,2.6,,,,
,7,,0.078,,,,,-50.6,,,0.024,,17.2,,3.9,,,,
,8,,0.1115,,,,,-44,,,0.0335,,17.2,,6.6,,,,
,9,,0.153,,,,,-35.2,,,0.0415,,17.2,,8.8,,,,
,10,,0.2045,,,,,-24.2,,,0.0515,,17.2,,11,,,,
,11,,0.2665,,,,,-12.2,,,0.062,,17.2,,12,,,,
,12,,0.341,,,,,-0.3,,,0.0745,,17.2,,11.9,,,,
,13,,0.4175,,,,,11.3,,,0.0765,,17.2,,11.6,,,,
,14,,0.5165,,,,,24.7,,,0.099,,17.2,,13.4,,,,
,15,,0.6275,,,,,40.4,,,0.111,,17.2,,15.7,,,,
,16,,0.7525,,,,,58.4,,,0.125,,17.2,,18,,,,
,17,,0.8895,,,,,79.3,,,0.137,,17.2,,20.9,,,,
,18,,1.031,,,,,104.8,,,0.1415,,17.2,,25.5,,,,
,19,,1.038,,,,,110.6,,,0.007,,17.2,,5.8,,,,
,20,,1.0405,,,,,103.5,,,0.0025,,17.2,,-7.1,,,,
,21,,1.0445,,,,,99.8,,,0.004,,17.2,,-3.7,,,,
,22,,1.05,,,,,99.7,,,0.0055,,17.2,,-0.1,,,,
,23,,1.059,,,,,101.5,,,0.009,,17.2,,1.8,,,,
,24,,1.072,,,,,104.6,,,0.013,,17.2,,3.1,,,,
,25,,1.087,,,,,110.1,,,0.015,,17.2,,5.5,,,,
,26,,1.107,,,,,117,,,0.02,,17.2,,6.9,,,,
,27,,1.1285,,,,,124.5,,,0.0215,,17.2,,7.5,,,,
,28,,1.1515,,,,,131.4,,,0.023,,17.2,,6.9,,,,
,29,,1.1755,,,,,137.7,,,0.024,,17.2,,6.3,,,,
,30,,1.2,,,,,145.8,,,0.0245,,17.2,,8.1,,,,
,31,,1.2125,,,,,151.8,,,0.0125,,17.2,,6,,,,
,32,,1.219,,,,,156.5,,,0.0065,,17.2,,4.7,,,,
,33,,1.225,,,,,159.7,,,0.006,,17.2,,3.2,,,,
,34,,1.232,,,,,161.9,,,0.007,,17.2,,2.2,,,,
,35,,1.2405,,,,,164.5,,,0.0085,,17.2,,2.6,,,,
,36,,1.2515,,,,,167.2,,,0.011,,17.2,,2.7,,,,
,37,,1.262,,,,,170.4,,,0.0105,,17.2,,3.2,,,,
,38,,1.273,,,,,173.4,,,0.011,,17.2,,3,,,,
,39,,1.282,,,,,176.1,,,0.009,,17.2,,2.7,,,,
,40,,1.289,,,,,178.1,,,0.007,,17.2,,2,,,,
,41,,1.297,,,,,179.8,,,0.008,,17.2,,1.7,,,,
,42,,1.305,,,,,181.5,,,0.008,,17.2,,1.7,,,,
,43,,1.3125,,,,,182.9,,,0.0075,,17.2,,1.4,,,,
,44,,1.3205,,,,,184.5,,,0.008,,17.2,,1.6,,,,
,45,,1.3275,,,,,186.1,,,0.007,,17.2,,1.6,,,,
,46,,1.332,,,,,187.1,,,0.0045,,17.2,,1,,,,
,47,,1.336,,,,,187.8,,,0.004,,17.2,,0.7,,,,
,48,,1.3405,,,,,188.5,,,0.0045,,17.2,,0.7,,,,
,49,,1.3455,,,,,189.2,,,0.005,,17.2,,0.7,,,,
,50,,1.352,,,,,189.9,,,0.0065,,17.2,,0.7,,,,
,51,,1.358,,,,,190.7,,,0.006,,17.2,,0.8,,,,
,52,,1.362,,,,,191.4,,,0.004,,17.2,,0.7,,,,
,53,,1.3645,,,,,191.9,,,0.0025,,17.2,,0.5,,,,
,54,,1.3665,,,,,192.3,,,0.002,,17.2,,0.4,,,,
,55,,1.3695,,,,,192.6,,,0.003,,17.2,,0.3,,,,
,56,,1.373,,,,,192.9,,,0.0035,,17.2,,0.3,,,,
,57,,1.3765,,,,,193.3,,,0.0035,,17.2,,0.4,,,,
,58,,1.3795,,,,,193.7,,,0.003,,17.2,,0.4,,,,
,59,,1.3815,,,,,193.9,,,0.002,,17.2,,0.2,,,,
,60,,1.384,,,,,194.2,,,0.0025,,17.2,,0.3,,,,
,61,,1.3865,,,,,194.5,,,0.0025,,17.2,,0.3,,,,
,62,,1.3885,,,,,194.8,,,0.002,,17.2,,0.3,,,,
,63,,1.389,,,,,195,,,0.0005,,17.2,,0.2,,,,
,64,,1.3905,,,,,195.1,,,0.0015,,17.2,,0.1,,,,
,65,,1.3935,,,,,195.3,,,0.003,,17.2,,0.2,,,,
,66,,1.3945,,,,,195.5,,,0.001,,17.2,,0.2,,,,
,67,,1.396,,,,,195.8,,,0.0015,,17.2,,0.3,,,,
,68,,1.3985,,,,,195.9,,,0.0025,,17.2,,0.1,,,,
,,,1.399167,,,,,196,,,,,,,,,,,EP
,69,,1.4005,,,,,196.2,,,0.002,,17.2,,0.3,,,,
,70,,1.4005,,,,,196.3,,,0,,17.2,,0.1,,,,
,71,,1.4005,,,,,196.4,,,0,,17.2,,0.1,,,,
,72,,1.4005,,,,,196.5,,,0,,17.2,,0.1,,,,
Titration (EQP) [2],,,,,,,"Scope 1/1, Sample 3/12",,,,,,,,,,,,
Measured Values,,,,"Scope 1/1, Sample 3/12",,,,,,,,,,,,,,,
,Time,,V,,,,,Meas. value,,dV,,,Temp.,,,,dE,,
,[s],,[mL],,,,,[mV],,[mL],,,[°C],,,,[mV],,
,0,,0,,,,,196.7,,,,,17.5,,,,,,
,3,,0.02,,,,,198.2,,0.02,,,17.5,,,,1.5,,
,6,,0.04,,,,,200.2,,0.02,,,17.5,,,,2,,
,9,,0.06,,,,,202.1,,0.02,,,17.5,,,,1.9,,
,12,,0.08,,,,,203.8,,0.02,,,17.5,,,,1.7,,
,15,,0.1,,,,,205.5,,0.02,,,17.5,,,,1.7,,
,18,,0.12,,,,,207,,0.02,,,17.5,,,,1.5,,
,21,,0.14,,,,,208.5,,0.02,,,17.5,,,,1.5,,
,24,,0.16,,,,,209.7,,0.02,,,17.5,,,,1.2,,
,27,,0.18,,,,,210.9,,0.02,,,17.5,,,,1.2,,
,30,,0.2,,,,,212.2,,0.02,,,17.5,,,,1.3,,
,33,,0.22,,,,,213.4,,0.02,,,17.5,,,,1.2,,
,36,,0.24,,,,,214.5,,0.02,,,17.5,,,,1.1,,
,39,,0.26,,,,,215.6,,0.02,,,17.5,,,,1.1,,
,42,,0.28,,,,,216.7,,0.02,,,17.5,,,,1.1,,
,45,,0.3,,,,,217.6,,0.02,,,17.5,,,,0.9,,
,48,,0.32,,,,,218.6,,0.02,,,17.5,,,,1,,
,51,,0.34,,,,,219.5,,0.02,,,17.5,,,,0.9,,
,54,,0.36,,,,,220.4,,0.02,,,17.5,,,,0.9,,
,57,,0.38,,,,,221.1,,0.02,,,17.5,,,,0.7,,
,60,,0.4,,,,,222,,0.02,,,17.5,,,,0.9,,
,64,,0.42,,,,,222.8,,0.02,,,17.5,,,,0.8,,
,66,,0.44,,,,,223.5,,0.02,,,17.5,,,,0.7,,
,70,,0.46,,,,,224.3,,0.02,,,17.5,,,,0.8,,
,72,,0.48,,,,,225.1,,0.02,,,17.5,,,,0.8,,
,76,,0.5,,,,,225.8,,0.02,,,17.5,,,,0.7,,
,78,,0.52,,,,,226.4,,0.02,,,17.5,,,,0.6,,
,82,,0.54,,,,,227.1,,0.02,,,17.5,,,,0.7,,
,84,,0.56,,,,,227.7,,0.02,,,17.5,,,,0.6,,
,88,,0.58,,,,,228.3,,0.02,,,17.5,,,,0.6,,
,91,,0.6,,,,,228.9,,0.02,,,17.5,,,,0.6,,
,94,,0.62,,,,,229.6,,0.02,,,17.5,,,,0.7,,
,97,,0.64,,,,,230.2,,0.02,,,17.5,,,,0.6,,
,100,,0.66,,,,,230.7,,0.02,,,17.5,,,,0.5,,
,103,,0.68,,,,,231.3,,0.02,,,17.5,,,,0.6,,
,106,,0.7,,,,,231.8,,0.02,,,17.5,,,,0.5,,
,109,,0.72,,,,,232.4,,0.02,,,17.5,,,,0.6,,
,112,,0.74,,,,,232.9,,0.02,,,17.5,,,,0.5,,
,115,,0.76,,,,,233.4,,0.02,,,17.5,,,,0.5,,
,118,,0.78,,,,,233.9,,0.02,,,17.5,,,,0.5,,
,121,,0.8,,,,,234.3,,0.02,,,17.5,,,,0.4,,
,124,,0.82,,,,,234.9,,0.02,,,17.5,,,,0.6,,
,127,,0.84,,,,,235.4,,0.02,,,17.5,,,,0.5,,
,130,,0.86,,,,,235.9,,0.02,,,17.5,,,,0.5,,
,133,,0.88,,,,,236.3,,0.02,,,17.5,,,,0.4,,
,136,,0.9,,,,,236.8,,0.02,,,17.5,,,,0.5,,
,139,,0.92,,,,,237.2,,0.02,,,17.5,,,,0.4,,
,142,,0.94,,,,,237.7,,0.02,,,17.5,,,,0.5,,
,145,,0.96,,,,,238,,0.02,,,17.5,,,,0.3,,
,148,,0.98,,,,,238.4,,0.02,,,17.5,,,,0.4,,
,151,,1,,,,,238.8,,0.02,,,17.5,,,,0.4,,
,154,,1.02,,,,,239.2,,0.02,,,17.5,,,,0.4,,
,157,,1.04,,,,,239.6,,0.02,,,17.5,,,,0.4,,
,160,,1.06,,,,,240.1,,0.02,,,17.5,,,,0.5,,
,163,,1.08,,,,,240.5,,0.02,,,17.5,,,,0.4,,
,166,,1.1,,,,,240.9,,0.02,,,17.5,,,,0.4,,
,169,,1.12,,,,,241.2,,0.02,,,17.5,,,,0.3,,
,172,,1.14,,,,,241.6,,0.02,,,17.5,,,,0.4,,
,175,,1.16,,,,,242,,0.02,,,17.5,,,,0.4,,
,178,,1.18,,,,,242.3,,0.02,,,17.5,,,,0.3,,
,181,,1.2,,,,,242.6,,0.02,,,17.5,,,,0.3,,
,184,,1.22,,,,,243,,0.02,,,17.5,,,,0.4,,
,187,,1.24,,,,,243.3,,0.02,,,17.5,,,,0.3,,
,190,,1.26,,,,,243.7,,0.02,,,17.5,,,,0.4,,
,193,,1.28,,,,,243.9,,0.02,,,17.5,,,,0.2,,
,196,,1.3,,,,,244.3,,0.02,,,17.5,,,,0.4,,
,199,,1.32,,,,,244.7,,0.02,,,17.6,,,,0.4,,
,202,,1.34,,,,,245,,0.02,,,17.6,,,,0.3,,
,205,,1.36,,,,,245.3,,0.02,,,17.6,,,,0.3,,
,208,,1.38,,,,,245.6,,0.02,,,17.6,,,,0.3,,
,211,,1.4,,,,,245.9,,0.02,,,17.6,,,,0.3,,
,214,,1.42,,,,,246.2,,0.02,,,17.6,,,,0.3,,
,217,,1.44,,,,,246.5,,0.02,,,17.6,,,,0.3,,
,220,,1.46,,,,,246.8,,0.02,,,17.6,,,,0.3,,
,223,,1.48,,,,,247.1,,0.02,,,17.6,,,,0.3,,
,226,,1.5,,,,,247.4,,0.02,,,17.6,,,,0.3,,
,229,,1.52,,,,,247.7,,0.02,,,17.6,,,,0.3,,
,232,,1.54,,,,,248,,0.02,,,17.6,,,,0.3,,
Measure (normal) [1],,,,,,,"Scope 1/1, Sample 4/12",,,,,,,,,,,,
Measured Values,,,,"Scope 1/1, Sample 4/12",,,,,,,,,,,,,,,
,Time,,,,Meas. value,,,,,,Temp.,,,,dE,,,,
,[s],,,,[mV],,,,,,[°C],,,,[mV],,,,
,1,,,,-59.3,,,,,,17.3,,,,,,,,
,2,,,,-59.3,,,,,,17.3,,,,0,,,,
,3,,,,-59.3,,,,,,17.3,,,,0,,,,
,4,,,,-59.3,,,,,,17.3,,,,0,,,,
,5,,,,-59.3,,,,,,17.3,,,,0,,,,
,6,,,,-59.3,,,,,,17.3,,,,0,,,,
,7,,,,-59.3,,,,,,17.3,,,,0,,,,
,8,,,,-59.3,,,,,,17.3,,,,0,,,,
,9,,,,-59.3,,,,,,17.3,,,,0,,,,
Titration (EP) [1],,,,,,,"Scope 1/1, Sample 4/12",,,,,,,,,,,,
Measured Values,,,,"Scope 1/1, Sample 4/12",,,,,,,,,,,,,,,
,Time,,V,,,,,Meas. value,,,dV,,Temp.,,dE,,,,EP
,[s],,[mL],,,,,[mV],,,[mL],,[°C],,[mV],,,,
,0,,0,,,,,-59.5,,,,,17.3,,,,,,
,1,,0.001,,,,,-59.5,,,0.001,,17.3,,0,,,,
,2,,0.005,,,,,-59.5,,,0.004,,17.3,,0,,,,
,3,,0.011,,,,,-59.3,,,0.006,,17.3,,0.2,,,,
,4,,0.02,,,,,-58.7,,,0.009,,17.3,,0.6,,,,
,5,,0.034,,,,,-57.4,,,0.014,,17.3,,1.3,,,,
,6,,0.0555,,,,,-54.6,,,0.0215,,17.3,,2.8,,,,
,7,,0.08,,,,,-50.7,,,0.0245,,17.3,,3.9,,,,
,8,,0.1145,,,,,-44.1,,,0.0345,,17.3,,6.6,,,,
,9,,0.157,,,,,-35.8,,,0.0425,,17.3,,8.3,,,,
,10,,0.209,,,,,-24.7,,,0.052,,17.3,,11.1,,,,
,11,,0.272,,,,,-12.6,,,0.063,,17.3,,12.1,,,,
,12,,0.347,,,,,0.3,,,0.075,,17.3,,12.9,,,,
,13,,0.4255,,,,,10.7,,,0.0785,,17.3,,10.4,,,,
,14,,0.525,,,,,26.8,,,0.0995,,17.3,,16.1,,,,
,15,,0.638,,,,,40.8,,,0.113,,17.3,,14,,,,
,16,,0.7625,,,,,54.3,,,0.1245,,17.3,,13.5,,,,
,17,,0.8995,,,,,73,,,0.137,,17.3,,18.7,,,,
,18,,1.0485,,,,,95.4,,,0.149,,17.3,,22.4,,,,
,19,,1.1095,,,,,115.9,,,0.061,,17.3,,20.5,,,,
,20,,1.111,,,,,113.6,,,0.0015,,17.3,,-2.3,,,,
,21,,1.1145,,,,,109.9,,,0.0035,,17.3,,-3.7,,,,
,22,,1.12,,,,,110,,,0.0055,,17.3,,0.1,,,,
,23,,1.1285,,,,,112.4,,,0.0085,,17.3,,2.4,,,,
,24,,1.14,,,,,116.5,,,0.0115,,17.3,,4.1,,,,
,25,,1.1535,,,,,121.1,,,0.0135,,17.3,,4.6,,,,
,26,,1.1705,,,,,126.1,,,0.017,,17.3,,5,,,,
,27,,1.1905,,,,,132.7,,,0.02,,17.3,,6.6,,,,
,28,,1.212,,,,,140.1,,,0.0215,,17.3,,7.4,,,,
,29,,1.228,,,,,147.1,,,0.016,,17.3,,7,,,,
,30,,1.2375,,,,,152.7,,,0.0095,,17.3,,5.6,,,,
,31,,1.2445,,,,,155.7,,,0.007,,17.3,,3,,,,
,32,,1.253,,,,,158.9,,,0.0085,,17.3,,3.2,,,,
,33,,1.2635,,,,,162.2,,,0.0105,,17.3,,3.3,,,,
,34,,1.275,,,,,165.7,,,0.0115,,17.3,,3.5,,,,
,35,,1.287,,,,,169.5,,,0.012,,17.3,,3.8,,,,
,36,,1.295,,,,,172.5,,,0.008,,17.3,,3,,,,
,37,,1.3015,,,,,174.4,,,0.0065,,17.3,,1.9,,,,
,38,,1.3095,,,,,176.3,,,0.008,,17.3,,1.9,,,,
,39,,1.3185,,,,,178.1,,,0.009,,17.3,,1.8,,,,
,40,,1.328,,,,,180.1,,,0.0095,,17.3,,2,,,,
,41,,1.3375,,,,,182,,,0.0095,,17.3,,1.9,,,,
,42,,1.345,,,,,183.5,,,0.0075,,17.3,,1.5,,,,
,43,,1.3515,,,,,184.7,,,0.0065,,17.3,,1.2,,,,
,44,,1.359,,,,,185.9,,,0.0075,,17.3,,1.2,,,,
,45,,1.3665,,,,,187,,,0.0075,,17.3,,1.1,,,,
,46,,1.374,,,,,188.1,,,0.0075,,17.3,,1.1,,,,
,47,,1.38,,,,,189,,,0.006,,17.3,,0.9,,,,
,48,,1.385,,,,,189.7,,,0.005,,17.3,,0.7,,,,
,49,,1.39,,,,,190.4,,,0.005,,17.3,,0.7,,,,
,50,,1.3945,,,,,190.9,,,0.0045,,17.3,,0.5,,,,
,51,,1.398,,,,,191.6,,,0.0035,,17.3,,0.7,,,,
,52,,1.401,,,,,192,,,0.003,,17.3,,0.4,,,,
,53,,1.4035,,,,,192.4,,,0.0025,,17.3,,0.4,,,,
,54,,1.4065,,,,,192.9,,,0.003,,17.3,,0.5,,,,
,55,,1.4085,,,,,193.2,,,0.002,,17.3,,0.3,,,,
,56,,1.4115,,,,,193.6,,,0.003,,17.3,,0.4,,,,
,57,,1.4135,,,,,193.9,,,0.002,,17.3,,0.3,,,,
,58,,1.4155,,,,,194.2,,,0.002,,17.3,,0.3,,,,
,59,,1.4165,,,,,194.5,,,0.001,,17.3,,0.3,,,,
,60,,1.419,,,,,194.7,,,0.0025,,17.3,,0.2,,,,
,61,,1.421,,,,,194.9,,,0.002,,17.3,,0.2,,,,
,62,,1.422,,,,,195.1,,,0.001,,17.3,,0.2,,,,
,63,,1.423,,,,,195.3,,,0.001,,17.3,,0.2,,,,
,64,,1.4255,,,,,195.5,,,0.0025,,17.3,,0.2,,,,
,65,,1.4275,,,,,195.7,,,0.002,,17.3,,0.2,,,,
,66,,1.4285,,,,,195.9,,,0.001,,17.3,,0.2,,,,
,67,,1.4305,,,,,196,,,0.002,,17.3,,0.1,,,,
,,,1.4305,,,,,196,,,,,,,,,,,EP
,68,,1.431,,,,,196.3,,,0.0005,,17.3,,0.3,,,,
,69,,1.431,,,,,196.3,,,0,,17.3,,0,,,,
,70,,1.431,,,,,196.4,,,0,,17.3,,0.1,,,,
Titration (EQP) [2],,,,,,,"Scope 1/1, Sample 4/12",,,,,,,,,,,,
Measured Values,,,,"Scope 1/1, Sample 4/12",,,,,,,,,,,,,,,
,Time,,V,,,,,Meas. value,,dV,,,Temp.,,,,dE,,
,[s],,[mL],,,,,[mV],,[mL],,,[°C],,,,[mV],,
,0,,0,,,,,196.6,,,,,17.6,,,,,,
,3,,0.02,,,,,198.1,,0.02,,,17.6,,,,1.5,,
,6,,0.04,,,,,200,,0.02,,,17.6,,,,1.9,,
,9,,0.06,,,,,201.9,,0.02,,,17.6,,,,1.9,,
,12,,0.08,,,,,203.6,,0.02,,,17.6,,,,1.7,,
,15,,0.1,,,,,205.2,,0.02,,,17.6,,,,1.6,,
,18,,0.12,,,,,206.8,,0.02,,,17.6,,,,1.6,,
,21,,0.14,,,,,208.2,,0.02,,,17.6,,,,1.4,,
,24,,0.16,,,,,209.4,,0.02,,,17.6,,,,1.2,,
,27,,0.18,,,,,210.6,,0.02,,,17.6,,,,1.2,,
,30,,0.2,,,,,211.8,,0.02,,,17.6,,,,1.2,,
,33,,0.22,,,,,213.1,,0.02,,,17.6,,,,1.3,,
,36,,0.24,,,,,214.2,,0.02,,,17.6,,,,1.1,,
,39,,0.26,,,,,215.3,,0.02,,,17.6,,,,1.1,,
,42,,0.28,,,,,216.3,,0.02,,,17.6,,,,1,,
,45,,0.3,,,,,217.3,,0.02,,,17.6,,,,1,,
,48,,0.32,,,,,218.2,,0.02,,,17.6,,,,0.9,,
,51,,0.34,,,,,219.2,,0.02,,,17.6,,,,1,,
,54,,0.36,,,,,220,,0.02,,,17.6,,,,0.8,,
,57,,0.38,,,,,220.8,,0.02,,,17.6,,,,0.8,,
,60,,0.4,,,,,221.6,,0.02,,,17.6,,,,0.8,,
,63,,0.42,,,,,222.4,,0.02,,,17.6,,,,0.8,,
,66,,0.44,,,,,223.2,,0.02,,,17.6,,,,0.8,,
,70,,0.46,,,,,223.9,,0.02,,,17.6,,,,0.7,,
,72,,0.48,,,,,224.7,,0.02,,,17.6,,,,0.8,,
,76,,0.5,,,,,225.4,,0.02,,,17.6,,,,0.7,,
,78,,0.52,,,,,226.1,,0.02,,,17.6,,,,0.7,,
,82,,0.54,,,,,226.7,,0.02,,,17.6,,,,0.6,,
,84,,0.56,,,,,227.4,,0.02,,,17.6,,,,0.7,,
,88,,0.58,,,,,228,,0.02,,,17.6,,,,0.6,,
,90,,0.6,,,,,228.6,,0.02,,,17.6,,,,0.6,,
,94,,0.62,,,,,229.2,,0.02,,,17.6,,,,0.6,,
,97,,0.64,,,,,229.7,,0.02,,,17.6,,,,0.5,,
,100,,0.66,,,,,230.4,,0.02,,,17.6,,,,0.7,,
,103,,0.68,,,,,230.9,,0.02,,,17.6,,,,0.5,,
,106,,0.7,,,,,231.5,,0.02,,,17.6,,,,0.6,,
,109,,0.72,,,,,232.1,,0.02,,,17.6,,,,0.6,,
,112,,0.74,,,,,232.5,,0.02,,,17.6,,,,0.4,,
,115,,0.76,,,,,233.1,,0.02,,,17.6,,,,0.6,,
,118,,0.78,,,,,233.5,,0.02,,,17.6,,,,0.4,,
,121,,0.8,,,,,234,,0.02,,,17.6,,,,0.5,,
,124,,0.82,,,,,234.5,,0.02,,,17.6,,,,0.5,,
,127,,0.84,,,,,235,,0.02,,,17.6,,,,0.5,,
,130,,0.86,,,,,235.5,,0.02,,,17.6,,,,0.5,,
,133,,0.88,,,,,236,,0.02,,,17.6,,,,0.5,,
,136,,0.9,,,,,236.4,,0.02,,,17.6,,,,0.4,,
,139,,0.92,,,,,236.9,,0.02,,,17.6,,,,0.5,,
,142,,0.94,,,,,237.3,,0.02,,,17.6,,,,0.4,,
,145,,0.96,,,,,237.7,,0.02,,,17.6,,,,0.4,,
,148,,0.98,,,,,238.1,,0.02,,,17.6,,,,0.4,,
,151,,1,,,,,238.4,,0.02,,,17.6,,,,0.3,,
,154,,1.02,,,,,238.8,,0.02,,,17.6,,,,0.4,,
,157,,1.04,,,,,239.3,,0.02,,,17.6,,,,0.5,,
,160,,1.06,,,,,239.6,,0.02,,,17.6,,,,0.3,,
,163,,1.08,,,,,240,,0.02,,,17.6,,,,0.4,,
,166,,1.1,,,,,240.4,,0.02,,,17.6,,,,0.4,,
,169,,1.12,,,,,240.8,,0.02,,,17.6,,,,0.4,,
,172,,1.14,,,,,241.2,,0.02,,,17.6,,,,0.4,,
,175,,1.16,,,,,241.5,,0.02,,,17.6,,,,0.3,,
,178,,1.18,,,,,241.9,,0.02,,,17.6,,,,0.4,,
,181,,1.2,,,,,242.2,,0.02,,,17.6,,,,0.3,,
,184,,1.22,,,,,242.6,,0.02,,,17.6,,,,0.4,,
,187,,1.24,,,,,243,,0.02,,,17.6,,,,0.4,,
,190,,1.26,,,,,243.2,,0.02,,,17.6,,,,0.2,,
,193,,1.28,,,,,243.6,,0.02,,,17.6,,,,0.4,,
,196,,1.3,,,,,243.9,,0.02,,,17.6,,,,0.3,,
,199,,1.32,,,,,244.2,,0.02,,,17.6,,,,0.3,,
,202,,1.34,,,,,244.6,,0.02,,,17.6,,,,0.4,,
,205,,1.36,,,,,244.9,,0.02,,,17.6,,,,0.3,,
,208,,1.38,,,,,245.1,,0.02,,,17.6,,,,0.2,,
,211,,1.4,,,,,245.5,,0.02,,,17.6,,,,0.4,,
,214,,1.42,,,,,245.8,,0.02,,,17.6,,,,0.3,,
,217,,1.44,,,,,246,,0.02,,,17.6,,,,0.2,,
,220,,1.46,,,,,246.4,,0.02,,,17.7,,,,0.4,,
,223,,1.48,,,,,246.6,,0.02,,,17.7,,,,0.2,,
,226,,1.5,,,,,247,,0.02,,,17.7,,,,0.4,,
,229,,1.52,,,,,247.3,,0.02,,,17.7,,,,0.3,,
,232,,1.54,,,,,247.6,,0.02,,,17.7,,,,0.3,,
,235,,1.56,,,,,247.9,,0.02,,,17.7,,,,0.3,,
,238,,1.58,,,,,248.1,,0.02,,,17.7,,,,0.2,,
Measure (normal) [1],,,,,,,"Scope 1/1, Sample 5/12",,,,,,,,,,,,
Measured Values,,,,"Scope 1/1, Sample 5/12",,,,,,,,,,,,,,,
,Time,,,,Meas. value,,,,,,Temp.,,,,dE,,,,
,[s],,,,[mV],,,,,,[°C],,,,[mV],,,,
,1,,,,-59.3,,,,,,17.3,,,,,,,,
,2,,,,-59.3,,,,,,17.3,,,,0,,,,
,3,,,,-59.3,,,,,,17.3,,,,0,,,,
,4,,,,-59.3,,,,,,17.3,,,,0,,,,
,5,,,,-59.3,,,,,,17.3,,,,0,,,,
,6,,,,-59.3,,,,,,17.3,,,,0,,,,
,7,,,,-59.3,,,,,,17.3,,,,0,,,,
,8,,,,-59.3,,,,,,17.3,,,,0,,,,
,9,,,,-59.3,,,,,,17.3,,,,0,,,,
,10,,,,-59.4,,,,,,17.3,,,,-0.1,,,,
Titration (EP) [1],,,,,,,"Scope 1/1, Sample 5/12",,,,,,,,,,,,
Measured Values,,,,"Scope 1/1, Sample 5/12",,,,,,,,,,,,,,,
,Time,,V,,,,,Meas. value,,,dV,,Temp.,,dE,,,,EP
,[s],,[mL],,,,,[mV],,,[mL],,[°C],,[mV],,,,
,0,,0,,,,,-59.5,,,,,17.4,,,,,,
,1,,0.001,,,,,-59.5,,,0.001,,17.3,,0,,,,
,2,,0.005,,,,,-59.5,,,0.004,,17.4,,0,,,,
,3,,0.011,,,,,-59.3,,,0.006,,17.4,,0.2,,,,
,4,,0.0195,,,,,-58.7,,,0.0085,,17.4,,0.6,,,,
,5,,0.0335,,,,,-57.1,,,0.014,,17.4,,1.6,,,,
,6,,0.054,,,,,-54.2,,,0.0205,,17.4,,2.9,,,,
,7,,0.078,,,,,-50.2,,,0.024,,17.4,,4,,,,
,8,,0.1115,,,,,-43.7,,,0.0335,,17.4,,6.5,,,,
,9,,0.153,,,,,-35.1,,,0.0415,,17.4,,8.6,,,,
,10,,0.204,,,,,-23.5,,,0.051,,17.4,,11.6,,,,
,11,,0.266,,,,,-11.1,,,0.062,,17.4,,12.4,,,,
,12,,0.3405,,,,,1.7,,,0.0745,,17.4,,12.8,,,,
,13,,0.417,,,,,15.8,,,0.0765,,17.4,,14.1,,,,
,14,,0.516,,,,,31,,,0.099,,17.4,,15.2,,,,
,15,,0.6275,,,,,45.3,,,0.1115,,17.4,,14.3,,,,
,16,,0.7525,,,,,63.7,,,0.125,,17.4,,18.4,,,,
,17,,0.8895,,,,,79.3,,,0.137,,17.4,,15.6,,,,
,18,,1.031,,,,,103.2,,,0.1415,,17.4,,23.9,,,,
,19,,1.0375,,,,,113.7,,,0.0065,,17.4,,10.5,,,,
,20,,1.04,,,,,107.3,,,0.0025,,17.4,,-6.4,,,,
,21,,1.044,,,,,104.2,,,0.004,,17.4,,-3.1,,,,
,22,,1.05,,,,,104.5,,,0.006,,17.4,,0.3,,,,
,23,,1.059,,,,,106.7,,,0.009,,17.4,,2.2,,,,
,24,,1.072,,,,,110.1,,,0.013,,17.4,,3.4,,,,
,25,,1.0865,,,,,116.2,,,0.0145,,17.4,,6.1,,,,
,26,,1.105,,,,,123.2,,,0.0185,,17.4,,7,,,,
,27,,1.1255,,,,,129.8,,,0.0205,,17.4,,6.6,,,,
,28,,1.147,,,,,137.3,,,0.0215,,17.4,,7.5,,,,
,29,,1.167,,,,,144.6,,,0.02,,17.4,,7.3,,,,
,30,,1.1795,,,,,149.6,,,0.0125,,17.4,,5,,,,
,31,,1.1905,,,,,154.2,,,0.011,,17.4,,4.6,,,,
,32,,1.203,,,,,158.5,,,0.0125,,17.4,,4.3,,,,
,33,,1.216,,,,,163.3,,,0.013,,17.4,,4.8,,,,
,34,,1.226,,,,,167.5,,,0.01,,17.4,,4.2,,,,
,35,,1.2325,,,,,170.3,,,0.0065,,17.4,,2.8,,,,
,36,,1.2385,,,,,172,,,0.006,,17.4,,1.7,,,,
,37,,1.246,,,,,173.9,,,0.0075,,17.4,,1.9,,,,
,38,,1.2555,,,,,175.8,,,0.0095,,17.4,,1.9,,,,
,39,,1.2665,,,,,178,,,0.011,,17.4,,2.2,,,,
,40,,1.2765,,,,,180.4,,,0.01,,17.4,,2.4,,,,
,41,,1.283,,,,,182.2,,,0.0065,,17.4,,1.8,,,,
,42,,1.287,,,,,183.5,,,0.004,,17.4,,1.3,,,,
,43,,1.292,,,,,184.5,,,0.005,,17.4,,1,,,,
,44,,1.298,,,,,185.4,,,0.006,,17.4,,0.9,,,,
,45,,1.3055,,,,,186.6,,,0.0075,,17.4,,1.2,,,,
,46,,1.313,,,,,187.9,,,0.0075,,17.4,,1.3,,,,
,47,,1.318,,,,,188.8,,,0.005,,17.4,,0.9,,,,
,48,,1.3205,,,,,189.7,,,0.0025,,17.4,,0.9,,,,
,49,,1.323,,,,,190.3,,,0.0025,,17.4,,0.6,,,,
,50,,1.3265,,,,,190.7,,,0.0035,,17.4,,0.4,,,,
,51,,1.3305,,,,,191.2,,,0.004,,17.4,,0.5,,,,
,52,,1.3355,,,,,191.9,,,0.005,,17.4,,0.7,,,,
,53,,1.3395,,,,,192.3,,,0.004,,17.4,,0.4,,,,
,54,,1.3415,,,,,192.7,,,0.002,,17.4,,0.4,,,,
,55,,1.344,,,,,193.1,,,0.0025,,17.4,,0.4,,,,
,56,,1.3465,,,,,193.4,,,0.0025,,17.4,,0.3,,,,
,57,,1.3495,,,,,193.7,,,0.003,,17.4,,0.3,,,,
,58,,1.352,,,,,194.1,,,0.0025,,17.4,,0.4,,,,
,59,,1.354,,,,,194.3,,,0.002,,17.4,,0.2,,,,
,60,,1.3565,,,,,194.6,,,0.0025,,17.4,,0.3,,,,
,61,,1.358,,,,,194.8,,,0.0015,,17.4,,0.2,,,,
,62,,1.359,,,,,195.1,,,0.001,,17.4,,0.3,,,,
,63,,1.3615,,,,,195.2,,,0.0025,,17.4,,0.1,,,,
,64,,1.3635,,,,,195.6,,,0.002,,17.4,,0.4,,,,
,65,,1.364,,,,,195.7,,,0.0005,,17.4,,0.1,,,,
,66,,1.3655,,,,,195.8,,,0.0015,,17.4,,0.1,,,,
,67,,1.367,,,,,196,,,0.0015,,17.4,,0.2,,,,
,,,1.367,,,,,196,,,,,,,,,,,EP
,68,,1.368,,,,,196.1,,,0.001,,17.4,,0.1,,,,
,69,,1.3685,,,,,196.2,,,0.0005,,17.4,,0.1,,,,
,70,,1.3685,,,,,196.3,,,0,,17.4,,0.1,,,,
,71,,1.3685,,,,,196.4,,,0,,17.4,,0.1,,,,
Titration (EQP) [2],,,,,,,"Scope 1/1, Sample 5/12",,,,,,,,,,,,
Measured Values,,,,"Scope 1/1, Sample 5/12",,,,,,,,,,,,,,,
,Time,,V,,,,,Meas. value,,dV,,,Temp.,,,,dE,,
,[s],,[mL],,,,,[mV],,[mL],,,[°C],,,,[mV],,
,0,,0,,,,,196.7,,,,,17.7,,,,,,
,3,,0.02,,,,,198.3,,0.02,,,17.7,,,,1.6,,
,6,,0.04,,,,,200.3,,0.02,,,17.7,,,,2,,
,9,,0.06,,,,,202.1,,0.02,,,17.7,,,,1.8,,
,12,,0.08,,,,,203.9,,0.02,,,17.7,,,,1.8,,
,15,,0.1,,,,,205.7,,0.02,,,17.7,,,,1.8,,
,18,,0.12,,,,,207.3,,0.02,,,17.7,,,,1.6,,
,21,,0.14,,,,,208.7,,0.02,,,17.7,,,,1.4,,
,24,,0.16,,,,,209.9,,0.02,,,17.7,,,,1.2,,
,27,,0.18,,,,,211.2,,0.02,,,17.7,,,,1.3,,
,30,,0.2,,,,,212.4,,0.02,,,17.7,,,,1.2,,
,33,,0.22,,,,,213.7,,0.02,,,17.7,,,,1.3,,
,36,,0.24,,,,,214.9,,0.02,,,17.7,,,,1.2,,
,39,,0.26,,,,,216,,0.02,,,17.7,,,,1.1,,
,42,,0.28,,,,,217,,0.02,,,17.7,,,,1,,
,45,,0.3,,,,,218.1,,0.02,,,17.7,,,,1.1,,
,48,,0.32,,,,,219,,0.02,,,17.7,,,,0.9,,
,51,,0.34,,,,,219.9,,0.02,,,17.7,,,,0.9,,
,54,,0.36,,,,,220.8,,0.02,,,17.7,,,,0.9,,
,57,,0.38,,,,,221.6,,0.02,,,17.7,,,,0.8,,
,60,,0.4,,,,,222.4,,0.02,,,17.7,,,,0.8,,
,64,,0.42,,,,,223.2,,0.02,,,17.7,,,,0.8,,
,66,,0.44,,,,,224,,0.02,,,17.7,,,,0.8,,
,70,,0.46,,,,,224.7,,0.02,,,17.7,,,,0.7,,
,72,,0.48,,,,,225.5,,0.02,,,17.7,,,,0.8,,
,76,,0.5,,,,,226.2,,0.02,,,17.7,,,,0.7,,
,78,,0.52,,,,,226.9,,0.02,,,17.7,,,,0.7,,
,82,,0.54,,,,,227.6,,0.02,,,17.7,,,,0.7,,
,84,,0.56,,,,,228.1,,0.02,,,17.7,,,,0.5,,
,88,,0.58,,,,,228.8,,0.02,,,17.7,,,,0.7,,
,91,,0.6,,,,,229.4,,0.02,,,17.7,,,,0.6,,
,94,,0.62,,,,,230,,0.02,,,17.7,,,,0.6,,
,97,,0.64,,,,,230.6,,0.02,,,17.7,,,,0.6,,
,100,,0.66,,,,,231.2,,0.02,,,17.7,,,,0.6,,
,103,,0.68,,,,,231.7,,0.02,,,17.7,,,,0.5,,
,106,,0.7,,,,,232.3,,0.02,,,17.7,,,,0.6,,
,109,,0.72,,,,,232.9,,0.02,,,17.7,,,,0.6,,
,112,,0.74,,,,,233.4,,0.02,,,17.7,,,,0.5,,
,115,,0.76,,,,,233.8,,0.02,,,17.7,,,,0.4,,
,118,,0.78,,,,,234.3,,0.02,,,17.7,,,,0.5,,
,121,,0.8,,,,,234.8,,0.02,,,17.7,,,,0.5,,
,124,,0.82,,,,,235.3,,0.02,,,17.7,,,,0.5,,
,127,,0.84,,,,,235.8,,0.02,,,17.7,,,,0.5,,
,130,,0.86,,,,,236.4,,0.02,,,17.7,,,,0.6,,
,133,,0.88,,,,,236.8,,0.02,,,17.7,,,,0.4,,
,136,,0.9,,,,,237.3,,0.02,,,17.7,,,,0.5,,
,139,,0.92,,,,,237.7,,0.02,,,17.7,,,,0.4,,
,142,,0.94,,,,,238.2,,0.02,,,17.7,,,,0.5,,
,145,,0.96,,,,,238.6,,0.02,,,17.7,,,,0.4,,
,148,,0.98,,,,,239,,0.02,,,17.7,,,,0.4,,
,151,,1,,,,,239.4,,0.02,,,17.7,,,,0.4,,
,154,,1.02,,,,,239.8,,0.02,,,17.7,,,,0.4,,
,157,,1.04,,,,,240.2,,0.02,,,17.7,,,,0.4,,
,160,,1.06,,,,,240.5,,0.02,,,17.7,,,,0.3,,
,163,,1.08,,,,,241,,0.02,,,17.7,,,,0.5,,
,166,,1.1,,,,,241.3,,0.02,,,17.7,,,,0.3,,
,169,,1.12,,,,,241.8,,0.02,,,17.7,,,,0.5,,
,172,,1.14,,,,,242.2,,0.02,,,17.7,,,,0.4,,
,175,,1.16,,,,,242.5,,0.02,,,17.7,,,,0.3,,
,178,,1.18,,,,,242.8,,0.02,,,17.7,,,,0.3,,
,181,,1.2,,,,,243.1,,0.02,,,17.7,,,,0.3,,
,184,,1.22,,,,,243.4,,0.02,,,17.7,,,,0.3,,
,187,,1.24,,,,,243.8,,0.02,,,17.7,,,,0.4,,
,190,,1.26,,,,,244.2,,0.02,,,17.7,,,,0.4,,
,193,,1.28,,,,,244.5,,0.02,,,17.7,,,,0.3,,
,196,,1.3,,,,,244.9,,0.02,,,17.7,,,,0.4,,
,199,,1.32,,,,,245.2,,0.02,,,17.7,,,,0.3,,
,202,,1.34,,,,,245.5,,0.02,,,17.7,,,,0.3,,
,205,,1.36,,,,,245.8,,0.02,,,17.7,,,,0.3,,
,208,,1.38,,,,,246.1,,0.02,,,17.7,,,,0.3,,
,211,,1.4,,,,,246.4,,0.02,,,17.7,,,,0.3,,
,214,,1.42,,,,,246.8,,0.02,,,17.7,,,,0.4,,
,217,,1.44,,,,,247.1,,0.02,,,17.7,,,,0.3,,
,220,,1.46,,,,,247.3,,0.02,,,17.8,,,,0.2,,
,223,,1.48,,,,,247.6,,0.02,,,17.8,,,,0.3,,
,226,,1.5,,,,,247.9,,0.02,,,17.8,,,,0.3,,
,229,,1.52,,,,,248.2,,0.02,,,17.8,,,,0.3,,
Measure (normal) [1],,,,,,,"Scope 1/1, Sample 6/12",,,,,,,,,,,,
Measured Values,,,,"Scope 1/1, Sample 6/12",,,,,,,,,,,,,,,
,Time,,,,Meas. value,,,,,,Temp.,,,,dE,,,,
,[s],,,,[mV],,,,,,[°C],,,,[mV],,,,
,1,,,,-59.4,,,,,,17.4,,,,,,,,
,2,,,,-59.4,,,,,,17.4,,,,0,,,,
,3,,,,-59.5,,,,,,17.4,,,,-0.1,,,,
,4,,,,-59.5,,,,,,17.4,,,,0,,,,
,5,,,,-59.5,,,,,,17.4,,,,0,,,,
,6,,,,-59.5,,,,,,17.4,,,,0,,,,
,7,,,,-59.5,,,,,,17.4,,,,0,,,,
,8,,,,-59.5,,,,,,17.4,,,,0,,,,
,9,,,,-59.5,,,,,,17.4,,,,0,,,,
,10,,,,-59.5,,,,,,17.4,,,,0,,,,
Titration (EP) [1],,,,,,,"Scope 1/1, Sample 6/12",,,,,,,,,,,,
Measured Values,,,,"Scope 1/1, Sample 6/12",,,,,,,,,,,,,,,
,Time,,V,,,,,Meas. value,,,dV,,Temp.,,dE,,,,EP
,[s],,[mL],,,,,[mV],,,[mL],,[°C],,[mV],,,,
,0,,0,,,,,-59.6,,,,,17.4,,,,,,
,1,,0.001,,,,,-59.7,,,0.001,,17.4,,-0.1,,,,
,2,,0.005,,,,,-59.7,,,0.004,,17.4,,0,,,,
,3,,0.011,,,,,-59.4,,,0.006,,17.4,,0.3,,,,
,4,,0.02,,,,,-58.7,,,0.009,,17.4,,0.7,,,,
,5,,0.0345,,,,,-57,,,0.0145,,17.4,,1.7,,,,
,6,,0.053,,,,,-54.7,,,0.0185,,17.4,,2.3,,,,
,7,,0.0805,,,,,-50.3,,,0.0275,,17.4,,4.4,,,,
,8,,0.115,,,,,-43.8,,,0.0345,,17.4,,6.5,,,,
,9,,0.157,,,,,-34.7,,,0.042,,17.4,,9.1,,,,
,10,,0.21,,,,,-22.5,,,0.053,,17.4,,12.2,,,,
,11,,0.2725,,,,,-9.6,,,0.0625,,17.4,,12.9,,,,
,12,,0.34,,,,,2.1,,,0.0675,,17.4,,11.7,,,,
,13,,0.4265,,,,,16.2,,,0.0865,,17.4,,14.1,,,,
,14,,0.526,,,,,33.8,,,0.0995,,17.4,,17.6,,,,
,15,,0.639,,,,,46.6,,,0.113,,17.4,,12.8,,,,
,16,,0.764,,,,,61.8,,,0.125,,17.4,,15.2,,,,
,17,,0.901,,,,,80.2,,,0.137,,17.4,,18.4,,,,
,18,,1.035,,,,,103.8,,,0.134,,17.4,,23.6,,,,
,19,,1.0495,,,,,112.7,,,0.0145,,17.4,,8.9,,,,
,20,,1.0525,,,,,105.6,,,0.003,,17.4,,-7.1,,,,
,21,,1.0565,,,,,102.3,,,0.004,,17.4,,-3.3,,,,
,22,,1.0625,,,,,102.4,,,0.006,,17.4,,0.1,,,,
,23,,1.0715,,,,,104.9,,,0.009,,17.4,,2.5,,,,
,24,,1.083,,,,,108.5,,,0.0115,,17.4,,3.6,,,,
,25,,1.0995,,,,,114.4,,,0.0165,,17.4,,5.9,,,,
,26,,1.118,,,,,121,,,0.0185,,17.4,,6.6,,,,
,27,,1.1385,,,,,127.8,,,0.0205,,17.4,,6.8,,,,
,28,,1.161,,,,,134.9,,,0.0225,,17.4,,7.1,,,,
,29,,1.182,,,,,141.2,,,0.021,,17.4,,6.3,,,,
,30,,1.1965,,,,,146,,,0.0145,,17.4,,4.8,,,,
,31,,1.2135,,,,,152.5,,,0.017,,17.4,,6.5,,,,
,32,,1.226,,,,,158.8,,,0.0125,,17.4,,6.3,,,,
,33,,1.232,,,,,162.4,,,0.006,,17.4,,3.6,,,,
,34,,1.2375,,,,,164.6,,,0.0055,,17.4,,2.2,,,,
,35,,1.244,,,,,166.3,,,0.0065,,17.4,,1.7,,,,
,36,,1.252,,,,,168.4,,,0.008,,17.4,,2.1,,,,
,37,,1.263,,,,,171.2,,,0.011,,17.4,,2.8,,,,
,38,,1.2745,,,,,174.1,,,0.0115,,17.4,,2.9,,,,
,39,,1.284,,,,,176.7,,,0.0095,,17.4,,2.6,,,,
,40,,1.2915,,,,,178.9,,,0.0075,,17.4,,2.2,,,,
,41,,1.2985,,,,,180.4,,,0.007,,17.4,,1.5,,,,
,42,,1.3055,,,,,182,,,0.007,,17.4,,1.6,,,,
,43,,1.3135,,,,,183.4,,,0.008,,17.4,,1.4,,,,
,44,,1.322,,,,,184.8,,,0.0085,,17.4,,1.4,,,,
,45,,1.3305,,,,,186.5,,,0.0085,,17.4,,1.7,,,,
,46,,1.3345,,,,,187.7,,,0.004,,17.4,,1.2,,,,
,47,,1.337,,,,,188.4,,,0.0025,,17.5,,0.7,,,,
,48,,1.34,,,,,188.8,,,0.003,,17.5,,0.4,,,,
,49,,1.344,,,,,189.2,,,0.004,,17.5,,0.4,,,,
,50,,1.3495,,,,,189.9,,,0.0055,,17.5,,0.7,,,,
,51,,1.3565,,,,,190.5,,,0.007,,17.5,,0.6,,,,
,52,,1.3635,,,,,191.3,,,0.007,,17.5,,0.8,,,,
,53,,1.367,,,,,192,,,0.0035,,17.5,,0.7,,,,
,54,,1.369,,,,,192.6,,,0.002,,17.5,,0.6,,,,
,55,,1.3715,,,,,193,,,0.0025,,17.5,,0.4,,,,
,56,,1.3745,,,,,193.3,,,0.003,,17.5,,0.3,,,,
,57,,1.3775,,,,,193.5,,,0.003,,17.5,,0.2,,,,
,58,,1.381,,,,,193.9,,,0.0035,,17.5,,0.4,,,,
,59,,1.383,,,,,194.3,,,0.002,,17.5,,0.4,,,,
,60,,1.3855,,,,,194.6,,,0.0025,,17.5,,0.3,,,,
,61,,1.3865,,,,,194.8,,,0.001,,17.5,,0.2,,,,
,62,,1.387,,,,,194.9,,,0.0005,,17.5,,0.1,,,,
,63,,1.39,,,,,195.1,,,0.003,,17.5,,0.2,,,,
,64,,1.3925,,,,,195.3,,,0.0025,,17.5,,0.2,,,,
,65,,1.3935,,,,,195.5,,,0.001,,17.5,,0.2,,,,
,66,,1.394,,,,,195.8,,,0.0005,,17.5,,0.3,,,,
,67,,1.3955,,,,,195.9,,,0.0015,,17.5,,0.1,,,,
,68,,1.3975,,,,,196,,,0.002,,17.5,,0.1,,,,
,,,1.3975,,,,,196,,,,,,,,,,,EP
,69,,1.398,,,,,196.2,,,0.0005,,17.5,,0.2,,,,
,70,,1.398,,,,,196.2,,,0,,17.5,,0,,,,
,71,,1.398,,,,,196.3,,,0,,17.5,,0.1,,,,
Titration (EQP) [2],,,,,,,"Scope 1/1, Sample 6/12",,,,,,,,,,,,
Measured Values,,,,"Scope 1/1, Sample 6/12",,,,,,,,,,,,,,,
,Time,,V,,,,,Meas. value,,dV,,,Temp.,,,,dE,,
,[s],,[mL],,,,,[mV],,[mL],,,[°C],,,,[mV],,
,0,,0,,,,,196.6,,,,,17.7,,,,,,
,3,,0.02,,,,,198.2,,0.02,,,17.7,,,,1.6,,
,6,,0.04,,,,,200.1,,0.02,,,17.7,,,,1.9,,
,9,,0.06,,,,,202,,0.02,,,17.7,,,,1.9,,
,12,,0.08,,,,,203.8,,0.02,,,17.7,,,,1.8,,
,15,,0.1,,,,,205.5,,0.02,,,17.7,,,,1.7,,
,18,,0.12,,,,,207,,0.02,,,17.7,,,,1.5,,
,21,,0.14,,,,,208.5,,0.02,,,17.7,,,,1.5,,
,24,,0.16,,,,,209.7,,0.02,,,17.7,,,,1.2,,
,27,,0.18,,,,,210.9,,0.02,,,17.7,,,,1.2,,
,30,,0.2,,,,,212.2,,0.02,,,17.7,,,,1.3,,
,33,,0.22,,,,,213.4,,0.02,,,17.7,,,,1.2,,
,36,,0.24,,,,,214.5,,0.02,,,17.7,,,,1.1,,
,39,,0.26,,,,,215.6,,0.02,,,17.7,,,,1.1,,
,42,,0.28,,,,,216.7,,0.02,,,17.7,,,,1.1,,
,45,,0.3,,,,,217.7,,0.02,,,17.7,,,,1,,
,48,,0.32,,,,,218.7,,0.02,,,17.7,,,,1,,
,51,,0.34,,,,,219.6,,0.02,,,17.7,,,,0.9,,
,54,,0.36,,,,,220.5,,0.02,,,17.7,,,,0.9,,
,57,,0.38,,,,,221.2,,0.02,,,17.7,,,,0.7,,
,60,,0.4,,,,,222.1,,0.02,,,17.7,,,,0.9,,
,63,,0.42,,,,,222.9,,0.02,,,17.7,,,,0.8,,
,66,,0.44,,,,,223.6,,0.02,,,17.7,,,,0.7,,
,70,,0.46,,,,,224.4,,0.02,,,17.8,,,,0.8,,
,72,,0.48,,,,,225.1,,0.02,,,17.8,,,,0.7,,
,76,,0.5,,,,,225.9,,0.02,,,17.8,,,,0.8,,
,79,,0.52,,,,,226.6,,0.02,,,17.8,,,,0.7,,
,82,,0.54,,,,,227.3,,0.02,,,17.8,,,,0.7,,
,85,,0.56,,,,,227.8,,0.02,,,17.8,,,,0.5,,
,88,,0.58,,,,,228.4,,0.02,,,17.8,,,,0.6,,
,91,,0.6,,,,,229.1,,0.02,,,17.8,,,,0.7,,
,94,,0.62,,,,,229.7,,0.02,,,17.8,,,,0.6,,
,97,,0.64,,,,,230.3,,0.02,,,17.8,,,,0.6,,
,100,,0.66,,,,,230.9,,0.02,,,17.8,,,,0.6,,
,103,,0.68,,,,,231.4,,0.02,,,17.8,,,,0.5,,
,106,,0.7,,,,,232,,0.02,,,17.8,,,,0.6,,
,109,,0.72,,,,,232.5,,0.02,,,17.8,,,,0.5,,
,112,,0.74,,,,,233.1,,0.02,,,17.8,,,,0.6,,
,115,,0.76,,,,,233.6,,0.02,,,17.8,,,,0.5,,
,118,,0.78,,,,,234,,0.02,,,17.8,,,,0.4,,
,121,,0.8,,,,,234.5,,0.02,,,17.8,,,,0.5,,
,124,,0.82,,,,,235.1,,0.02,,,17.8,,,,0.6,,
,127,,0.84,,,,,235.5,,0.02,,,17.8,,,,0.4,,
,130,,0.86,,,,,235.9,,0.02,,,17.8,,,,0.4,,
,133,,0.88,,,,,236.5,,0.02,,,17.8,,,,0.6,,
,136,,0.9,,,,,236.9,,0.02,,,17.8,,,,0.4,,
,139,,0.92,,,,,237.4,,0.02,,,17.8,,,,0.5,,
,142,,0.94,,,,,237.8,,0.02,,,17.8,,,,0.4,,
,145,,0.96,,,,,238.3,,0.02,,,17.8,,,,0.5,,
,148,,0.98,,,,,238.6,,0.02,,,17.8,,,,0.3,,
,151,,1,,,,,239.1,,0.02,,,17.8,,,,0.5,,
,154,,1.02,,,,,239.5,,0.02,,,17.8,,,,0.4,,
,157,,1.04,,,,,239.9,,0.02,,,17.8,,,,0.4,,
,160,,1.06,,,,,240.3,,0.02,,,17.8,,,,0.4,,
,163,,1.08,,,,,240.6,,0.02,,,17.8,,,,0.3,,
,166,,1.1,,,,,241,,0.02,,,17.8,,,,0.4,,
,169,,1.12,,,,,241.4,,0.02,,,17.8,,,,0.4,,
,172,,1.14,,,,,241.8,,0.02,,,17.8,,,,0.4,,
,175,,1.16,,,,,242.1,,0.02,,,17.8,,,,0.3,,
,178,,1.18,,,,,242.4,,0.02,,,17.8,,,,0.3,,
,181,,1.2,,,,,242.7,,0.02,,,17.8,,,,0.3,,
,184,,1.22,,,,,243.1,,0.02,,,17.8,,,,0.4,,
,187,,1.24,,,,,243.5,,0.02,,,17.8,,,,0.4,,
,190,,1.26,,,,,243.8,,0.02,,,17.8,,,,0.3,,
,193,,1.28,,,,,244.1,,0.02,,,17.8,,,,0.3,,
,196,,1.3,,,,,244.4,,0.02,,,17.8,,,,0.3,,
,199,,1.32,,,,,244.8,,0.02,,,17.8,,,,0.4,,
,202,,1.34,,,,,245.1,,0.02,,,17.8,,,,0.3,,
,205,,1.36,,,,,245.4,,0.02,,,17.8,,,,0.3,,
,208,,1.38,,,,,245.7,,0.02,,,17.8,,,,0.3,,
,211,,1.4,,,,,246,,0.02,,,17.8,,,,0.3,,
,214,,1.42,,,,,246.3,,0.02,,,17.8,,,,0.3,,
,217,,1.44,,,,,246.6,,0.02,,,17.8,,,,0.3,,
,220,,1.46,,,,,246.9,,0.02,,,17.8,,,,0.3,,
,223,,1.48,,,,,247.2,,0.02,,,17.8,,,,0.3,,
,226,,1.5,,,,,247.5,,0.02,,,17.8,,,,0.3,,
,229,,1.52,,,,,247.8,,0.02,,,17.8,,,,0.3,,
,232,,1.54,,,,,248.1,,0.02,,,17.8,,,,0.3,,
Measure (normal) [1],,,,,,,"Scope 1/1, Sample 7/12",,,,,,,,,,,,
Measured Values,,,,"Scope 1/1, Sample 7/12",,,,,,,,,,,,,,,
,Time,,,,Meas. value,,,,,,Temp.,,,,dE,,,,
,[s],,,,[mV],,,,,,[°C],,,,[mV],,,,
,1,,,,-59.7,,,,,,17.5,,,,,,,,
,2,,,,-59.7,,,,,,17.5,,,,0,,,,
,3,,,,-59.7,,,,,,17.5,,,,0,,,,
,4,,,,-59.7,,,,,,17.5,,,,0,,,,
,5,,,,-59.7,,,,,,17.5,,,,0,,,,
,6,,,,-59.7,,,,,,17.5,,,,0,,,,
,7,,,,-59.7,,,,,,17.5,,,,0,,,,
,8,,,,-59.7,,,,,,17.5,,,,0,,,,
,9,,,,-59.7,,,,,,17.5,,,,0,,,,
,10,,,,-59.7,,,,,,17.5,,,,0,,,,
Titration (EP) [1],,,,,,,"Scope 1/1, Sample 7/12",,,,,,,,,,,,
Measured Values,,,,"Scope 1/1, Sample 7/12",,,,,,,,,,,,,,,
,Time,,V,,,,,Meas. value,,,dV,,Temp.,,dE,,,,EP
,[s],,[mL],,,,,[mV],,,[mL],,[°C],,[mV],,,,
,0,,0,,,,,-59.8,,,,,17.5,,,,,,
,1,,0.001,,,,,-59.9,,,0.001,,17.5,,-0.1,,,,
,2,,0.005,,,,,-59.9,,,0.004,,17.5,,0,,,,
,3,,0.011,,,,,-59.8,,,0.006,,17.5,,0.1,,,,
,4,,0.0195,,,,,-59.1,,,0.0085,,17.5,,0.7,,,,
,5,,0.0335,,,,,-57.4,,,0.014,,17.5,,1.7,,,,
,6,,0.054,,,,,-55.1,,,0.0205,,17.5,,2.3,,,,
,7,,0.078,,,,,-50.9,,,0.024,,17.5,,4.2,,,,
,8,,0.1115,,,,,-44.6,,,0.0335,,17.5,,6.3,,,,
,9,,0.153,,,,,-35.8,,,0.0415,,17.5,,8.8,,,,
,10,,0.2045,,,,,-25,,,0.0515,,17.5,,10.8,,,,
,11,,0.2665,,,,,-13.1,,,0.062,,17.5,,11.9,,,,
,12,,0.341,,,,,-1.6,,,0.0745,,17.5,,11.5,,,,
,13,,0.4175,,,,,11.5,,,0.0765,,17.5,,13.1,,,,
,14,,0.5165,,,,,25.1,,,0.099,,17.5,,13.6,,,,
,15,,0.628,,,,,39.1,,,0.1115,,17.5,,14,,,,
,16,,0.753,,,,,58.6,,,0.125,,17.5,,19.5,,,,
,17,,0.8895,,,,,79.7,,,0.1365,,17.5,,21.1,,,,
,18,,1.0385,,,,,98.8,,,0.149,,17.5,,19.1,,,,
,19,,1.069,,,,,119.3,,,0.0305,,17.5,,20.5,,,,
,20,,1.071,,,,,114.9,,,0.002,,17.5,,-4.4,,,,
,21,,1.0745,,,,,111.4,,,0.0035,,17.5,,-3.5,,,,
,22,,1.0805,,,,,111.9,,,0.006,,17.5,,0.5,,,,
,23,,1.09,,,,,114.8,,,0.0095,,17.5,,2.9,,,,
,24,,1.101,,,,,118.2,,,0.011,,17.5,,3.4,,,,
,25,,1.1165,,,,,123.7,,,0.0155,,17.5,,5.5,,,,
,26,,1.135,,,,,131.3,,,0.0185,,17.5,,7.6,,,,
,27,,1.1535,,,,,138.3,,,0.0185,,17.5,,7,,,,
,28,,1.1705,,,,,145.1,,,0.017,,17.5,,6.8,,,,
,29,,1.185,,,,,150.2,,,0.0145,,17.5,,5.1,,,,
,30,,1.198,,,,,154.9,,,0.013,,17.5,,4.7,,,,
,31,,1.21,,,,,159.3,,,0.012,,17.5,,4.4,,,,
,32,,1.222,,,,,164.3,,,0.012,,17.5,,5,,,,
,33,,1.2295,,,,,168,,,0.0075,,17.5,,3.7,,,,
,34,,1.2355,,,,,170.3,,,0.006,,17.5,,2.3,,,,
,35,,1.2425,,,,,172.2,,,0.007,,17.5,,1.9,,,,
,36,,1.251,,,,,174.1,,,0.0085,,17.5,,1.9,,,,
,37,,1.2595,,,,,176.1,,,0.0085,,17.5,,2,,,,
,38,,1.2705,,,,,178.3,,,0.011,,17.5,,2.2,,,,
,39,,1.2805,,,,,180.4,,,0.01,,17.5,,2.1,,,,
,40,,1.288,,,,,182.3,,,0.0075,,17.5,,1.9,,,,
,41,,1.2935,,,,,183.8,,,0.0055,,17.5,,1.5,,,,
,42,,1.299,,,,,184.9,,,0.0055,,17.5,,1.1,,,,
,43,,1.3045,,,,,186,,,0.0055,,17.5,,1.1,,,,
,44,,1.3115,,,,,187.1,,,0.007,,17.5,,1.1,,,,
,45,,1.3185,,,,,188.1,,,0.007,,17.5,,1,,,,
,46,,1.324,,,,,189.2,,,0.0055,,17.5,,1.1,,,,
,47,,1.327,,,,,190.1,,,0.003,,17.5,,0.9,,,,
,48,,1.3295,,,,,190.6,,,0.0025,,17.5,,0.5,,,,
,49,,1.3325,,,,,191.1,,,0.003,,17.5,,0.5,,,,
,50,,1.337,,,,,191.5,,,0.0045,,17.5,,0.4,,,,
,51,,1.342,,,,,192.1,,,0.005,,17.5,,0.6,,,,
,52,,1.345,,,,,192.6,,,0.003,,17.5,,0.5,,,,
,53,,1.3475,,,,,193.1,,,0.0025,,17.5,,0.5,,,,
,54,,1.3495,,,,,193.4,,,0.002,,17.5,,0.3,,,,
,55,,1.3525,,,,,193.7,,,0.003,,17.5,,0.3,,,,
,56,,1.355,,,,,194,,,0.0025,,17.5,,0.3,,,,
,57,,1.3575,,,,,194.3,,,0.0025,,17.5,,0.3,,,,
,58,,1.3585,,,,,194.5,,,0.001,,17.5,,0.2,,,,
,59,,1.361,,,,,194.7,,,0.0025,,17.5,,0.2,,,,
,60,,1.363,,,,,195,,,0.002,,17.5,,0.3,,,,
,61,,1.3635,,,,,195.3,,,0.0005,,17.5,,0.3,,,,
,62,,1.365,,,,,195.3,,,0.0015,,17.5,,0,,,,
,63,,1.366,,,,,195.5,,,0.001,,17.5,,0.2,,,,
,64,,1.3685,,,,,195.7,,,0.0025,,17.5,,0.2,,,,
,65,,1.371,,,,,195.9,,,0.0025,,17.5,,0.2,,,,
,,,1.37125,,,,,196,,,,,,,,,,,EP
,66,,1.3715,,,,,196.1,,,0.0005,,17.5,,0.2,,,,
,67,,1.372,,,,,196.2,,,0.0005,,17.5,,0.1,,,,
,68,,1.372,,,,,196.2,,,0,,17.5,,0,,,,
,69,,1.372,,,,,196.3,,,0,,17.5,,0.1,,,,
Titration (EQP) [2],,,,,,,"Scope 1/1, Sample 7/12",,,,,,,,,,,,
Measured Values,,,,"Scope 1/1, Sample 7/12",,,,,,,,,,,,,,,
,Time,,V,,,,,Meas. value,,dV,,,Temp.,,,,dE,,
,[s],,[mL],,,,,[mV],,[mL],,,[°C],,,,[mV],,
,0,,0,,,,,196.6,,,,,17.8,,,,,,
,3,,0.02,,,,,198.3,,0.02,,,17.8,,,,1.7,,
,6,,0.04,,,,,200.3,,0.02,,,17.8,,,,2,,
,9,,0.06,,,,,202.2,,0.02,,,17.8,,,,1.9,,
,12,,0.08,,,,,203.9,,0.02,,,17.8,,,,1.7,,
,15,,0.1,,,,,205.6,,0.02,,,17.8,,,,1.7,,
,18,,0.12,,,,,207.2,,0.02,,,17.8,,,,1.6,,
,21,,0.14,,,,,208.7,,0.02,,,17.8,,,,1.5,,
,24,,0.16,,,,,209.9,,0.02,,,17.8,,,,1.2,,
,27,,0.18,,,,,211.1,,0.02,,,17.8,,,,1.2,,
,30,,0.2,,,,,212.4,,0.02,,,17.8,,,,1.3,,
,33,,0.22,,,,,213.6,,0.02,,,17.8,,,,1.2,,
,36,,0.24,,,,,214.8,,0.02,,,17.8,,,,1.2,,
,39,,0.26,,,,,215.9,,0.02,,,17.8,,,,1.1,,
,42,,0.28,,,,,217,,0.02,,,17.8,,,,1.1,,
,45,,0.3,,,,,218,,0.02,,,17.8,,,,1,,
,48,,0.32,,,,,219,,0.02,,,17.8,,,,1,,
,51,,0.34,,,,,219.8,,0.02,,,17.8,,,,0.8,,
,54,,0.36,,,,,220.8,,0.02,,,17.8,,,,1,,
,57,,0.38,,,,,221.6,,0.02,,,17.8,,,,0.8,,
,60,,0.4,,,,,222.4,,0.02,,,17.8,,,,0.8,,
,63,,0.42,,,,,223.2,,0.02,,,17.8,,,,0.8,,
,66,,0.44,,,,,223.9,,0.02,,,17.8,,,,0.7,,
,70,,0.46,,,,,224.7,,0.02,,,17.8,,,,0.8,,
,72,,0.48,,,,,225.4,,0.02,,,17.8,,,,0.7,,
,76,,0.5,,,,,226.2,,0.02,,,17.8,,,,0.8,,
,78,,0.52,,,,,226.9,,0.02,,,17.8,,,,0.7,,
,82,,0.54,,,,,227.6,,0.02,,,17.8,,,,0.7,,
,84,,0.56,,,,,228.2,,0.02,,,17.8,,,,0.6,,
,88,,0.58,,,,,228.8,,0.02,,,17.8,,,,0.6,,
,90,,0.6,,,,,229.4,,0.02,,,17.8,,,,0.6,,
,94,,0.62,,,,,230,,0.02,,,17.8,,,,0.6,,
,97,,0.64,,,,,230.6,,0.02,,,17.8,,,,0.6,,
,100,,0.66,,,,,231.2,,0.02,,,17.8,,,,0.6,,
,103,,0.68,,,,,231.8,,0.02,,,17.8,,,,0.6,,
,106,,0.7,,,,,232.4,,0.02,,,17.8,,,,0.6,,
,109,,0.72,,,,,232.9,,0.02,,,17.8,,,,0.5,,
,112,,0.74,,,,,233.5,,0.02,,,17.8,,,,0.6,,
,115,,0.76,,,,,233.9,,0.02,,,17.8,,,,0.4,,
,118,,0.78,,,,,234.3,,0.02,,,17.8,,,,0.4,,
,121,,0.8,,,,,234.9,,0.02,,,17.8,,,,0.6,,
,124,,0.82,,,,,235.4,,0.02,,,17.8,,,,0.5,,
,127,,0.84,,,,,235.9,,0.02,,,17.8,,,,0.5,,
,130,,0.86,,,,,236.3,,0.02,,,17.8,,,,0.4,,
,133,,0.88,,,,,236.8,,0.02,,,17.8,,,,0.5,,
,136,,0.9,,,,,237.2,,0.02,,,17.8,,,,0.4,,
,139,,0.92,,,,,237.7,,0.02,,,17.8,,,,0.5,,
,142,,0.94,,,,,238.2,,0.02,,,17.8,,,,0.5,,
,145,,0.96,,,,,238.6,,0.02,,,17.8,,,,0.4,,
,148,,0.98,,,,,239,,0.02,,,17.8,,,,0.4,,
,151,,1,,,,,239.4,,0.02,,,17.8,,,,0.4,,
,154,,1.02,,,,,239.8,,0.02,,,17.8,,,,0.4,,
,157,,1.04,,,,,240.2,,0.02,,,17.8,,,,0.4,,
,160,,1.06,,,,,240.6,,0.02,,,17.8,,,,0.4,,
,163,,1.08,,,,,241,,0.02,,,17.9,,,,0.4,,
,166,,1.1,,,,,241.4,,0.02,,,17.9,,,,0.4,,
,169,,1.12,,,,,241.7,,0.02,,,17.9,,,,0.3,,
,172,,1.14,,,,,242.2,,0.02,,,17.9,,,,0.5,,
,175,,1.16,,,,,242.5,,0.02,,,17.9,,,,0.3,,
,178,,1.18,,,,,242.8,,0.02,,,17.9,,,,0.3,,
,181,,1.2,,,,,243.1,,0.02,,,17.9,,,,0.3,,
,184,,1.22,,,,,243.5,,0.02,,,17.9,,,,0.4,,
,187,,1.24,,,,,243.9,,0.02,,,17.9,,,,0.4,,
,190,,1.26,,,,,244.2,,0.02,,,17.9,,,,0.3,,
,193,,1.28,,,,,244.5,,0.02,,,17.9,,,,0.3,,
,196,,1.3,,,,,244.9,,0.02,,,17.9,,,,0.4,,
,199,,1.32,,,,,245.2,,0.02,,,17.9,,,,0.3,,
,202,,1.34,,,,,245.6,,0.02,,,17.9,,,,0.4,,
,205,,1.36,,,,,245.9,,0.02,,,17.9,,,,0.3,,
,208,,1.38,,,,,246.1,,0.02,,,17.9,,,,0.2,,
,211,,1.4,,,,,246.5,,0.02,,,17.9,,,,0.4,,
,214,,1.42,,,,,246.7,,0.02,,,17.9,,,,0.2,,
,217,,1.44,,,,,247,,0.02,,,17.9,,,,0.3,,
,220,,1.46,,,,,247.4,,0.02,,,17.9,,,,0.4,,
,223,,1.48,,,,,247.6,,0.02,,,17.9,,,,0.2,,
,226,,1.5,,,,,247.9,,0.02,,,17.9,,,,0.3,,
,229,,1.52,,,,,248.2,,0.02,,,17.9,,,,0.3,,
Measure (normal) [1],,,,,,,"Scope 1/1, Sample 8/12",,,,,,,,,,,,
Measured Values,,,,"Scope 1/1, Sample 8/12",,,,,,,,,,,,,,,
,Time,,,,Meas. value,,,,,,Temp.,,,,dE,,,,
,[s],,,,[mV],,,,,,[°C],,,,[mV],,,,
,1,,,,-59.7,,,,,,17.5,,,,,,,,
,2,,,,-59.7,,,,,,17.5,,,,0,,,,
,3,,,,-59.7,,,,,,17.5,,,,0,,,,
,4,,,,-59.7,,,,,,17.5,,,,0,,,,
,5,,,,-59.7,,,,,,17.5,,,,0,,,,
,6,,,,-59.7,,,,,,17.5,,,,0,,,,
,7,,,,-59.7,,,,,,17.5,,,,0,,,,
,8,,,,-59.7,,,,,,17.5,,,,0,,,,
,9,,,,-59.8,,,,,,17.5,,,,-0.1,,,,
Titration (EP) [1],,,,,,,"Scope 1/1, Sample 8/12",,,,,,,,,,,,
Measured Values,,,,"Scope 1/1, Sample 8/12",,,,,,,,,,,,,,,
,Time,,V,,,,,Meas. value,,,dV,,Temp.,,dE,,,,EP
,[s],,[mL],,,,,[mV],,,[mL],,[°C],,[mV],,,,
,0,,0,,,,,-59.9,,,,,17.5,,,,,,
,1,,0.001,,,,,-59.9,,,0.001,,17.5,,0,,,,
,2,,0.005,,,,,-59.9,,,0.004,,17.5,,0,,,,
,3,,0.011,,,,,-59.7,,,0.006,,17.5,,0.2,,,,
,4,,0.0195,,,,,-59,,,0.0085,,17.5,,0.7,,,,
,5,,0.0335,,,,,-57.6,,,0.014,,17.5,,1.4,,,,
,6,,0.054,,,,,-54.9,,,0.0205,,17.5,,2.7,,,,
,7,,0.0775,,,,,-51,,,0.0235,,17.5,,3.9,,,,
,8,,0.1105,,,,,-44.8,,,0.033,,17.5,,6.2,,,,
,9,,0.151,,,,,-36.5,,,0.0405,,17.5,,8.3,,,,
,10,,0.201,,,,,-25.2,,,0.05,,17.5,,11.3,,,,
,11,,0.2625,,,,,-13.3,,,0.0615,,17.5,,11.9,,,,
,12,,0.335,,,,,-1.5,,,0.0725,,17.5,,11.8,,,,
,13,,0.411,,,,,10.9,,,0.076,,17.5,,12.4,,,,
,14,,0.5085,,,,,24.1,,,0.0975,,17.5,,13.2,,,,
,15,,0.618,,,,,38.2,,,0.1095,,17.5,,14.1,,,,
,16,,0.742,,,,,58.5,,,0.124,,17.5,,20.3,,,,
,17,,0.8785,,,,,76.2,,,0.1365,,17.5,,17.7,,,,
,18,,1.0255,,,,,94.3,,,0.147,,17.5,,18.1,,,,
,19,,1.0865,,,,,116.4,,,0.061,,17.5,,22.1,,,,
,20,,1.088,,,,,115.8,,,0.0015,,17.5,,-0.6,,,,
,21,,1.091,,,,,112.6,,,0.003,,17.5,,-3.2,,,,
,22,,1.096,,,,,112.9,,,0.005,,17.6,,0.3,,,,
,23,,1.104,,,,,115,,,0.008,,17.6,,2.1,,,,
,24,,1.115,,,,,119.3,,,0.011,,17.5,,4.3,,,,
,25,,1.127,,,,,124.6,,,0.012,,17.6,,5.3,,,,
,26,,1.1435,,,,,130.4,,,0.0165,,17.6,,5.8,,,,
,27,,1.161,,,,,137.4,,,0.0175,,17.6,,7,,,,
,28,,1.18,,,,,143.1,,,0.019,,17.6,,5.7,,,,
,29,,1.199,,,,,149.7,,,0.019,,17.6,,6.6,,,,
,30,,1.2125,,,,,155.4,,,0.0135,,17.6,,5.7,,,,
,31,,1.22,,,,,160.2,,,0.0075,,17.6,,4.8,,,,
,32,,1.226,,,,,163.4,,,0.006,,17.6,,3.2,,,,
,33,,1.2325,,,,,165.4,,,0.0065,,17.6,,2,,,,
,34,,1.2405,,,,,167.9,,,0.008,,17.6,,2.5,,,,
,35,,1.2505,,,,,170.5,,,0.01,,17.6,,2.6,,,,
,36,,1.2605,,,,,172.8,,,0.01,,17.6,,2.3,,,,
,37,,1.272,,,,,175.4,,,0.0115,,17.6,,2.6,,,,
,38,,1.283,,,,,178.1,,,0.011,,17.6,,2.7,,,,
,39,,1.2905,,,,,180.3,,,0.0075,,17.6,,2.2,,,,
,40,,1.2955,,,,,182,,,0.005,,17.6,,1.7,,,,
,41,,1.301,,,,,183.2,,,0.0055,,17.6,,1.2,,,,
,42,,1.3065,,,,,184.1,,,0.0055,,17.6,,0.9,,,,
,43,,1.314,,,,,185.3,,,0.0075,,17.6,,1.2,,,,
,44,,1.3225,,,,,186.6,,,0.0085,,17.6,,1.3,,,,
,45,,1.3295,,,,,187.9,,,0.007,,17.6,,1.3,,,,
,46,,1.3335,,,,,189,,,0.004,,17.6,,1.1,,,,
,47,,1.3365,,,,,189.6,,,0.003,,17.6,,0.6,,,,
,48,,1.339,,,,,190.1,,,0.0025,,17.6,,0.5,,,,
,49,,1.3425,,,,,190.5,,,0.0035,,17.6,,0.4,,,,
,50,,1.347,,,,,191,,,0.0045,,17.6,,0.5,,,,
,51,,1.352,,,,,191.5,,,0.005,,17.6,,0.5,,,,
,52,,1.357,,,,,192.2,,,0.005,,17.6,,0.7,,,,
,53,,1.36,,,,,192.6,,,0.003,,17.6,,0.4,,,,
,54,,1.362,,,,,193.1,,,0.002,,17.6,,0.5,,,,
,55,,1.3645,,,,,193.4,,,0.0025,,17.6,,0.3,,,,
,56,,1.367,,,,,193.8,,,0.0025,,17.6,,0.4,,,,
,57,,1.37,,,,,194,,,0.003,,17.6,,0.2,,,,
,58,,1.3725,,,,,194.3,,,0.0025,,17.6,,0.3,,,,
,59,,1.3745,,,,,194.6,,,0.002,,17.6,,0.3,,,,
,60,,1.377,,,,,194.9,,,0.0025,,17.6,,0.3,,,,
,61,,1.3775,,,,,195.1,,,0.0005,,17.6,,0.2,,,,
,62,,1.3785,,,,,195.2,,,0.001,,17.6,,0.1,,,,
,63,,1.3815,,,,,195.4,,,0.003,,17.6,,0.2,,,,
,64,,1.3825,,,,,195.6,,,0.001,,17.6,,0.2,,,,
,65,,1.383,,,,,195.7,,,0.0005,,17.6,,0.1,,,,
,66,,1.386,,,,,195.9,,,0.003,,17.6,,0.2,,,,
,,,1.3865,,,,,196,,,,,,,,,,,EP
,67,,1.3875,,,,,196.2,,,0.0015,,17.6,,0.3,,,,
,68,,1.3875,,,,,196.2,,,0,,17.6,,0,,,,
,69,,1.3875,,,,,196.3,,,0,,17.6,,0.1,,,,
,70,,1.3875,,,,,196.3,,,0,,17.6,,0,,,,
Titration (EQP) [2],,,,,,,"Scope 1/1, Sample 8/12",,,,,,,,,,,,
Measured Values,,,,"Scope 1/1, Sample 8/12",,,,,,,,,,,,,,,
,Time,,V,,,,,Meas. value,,dV,,,Temp.,,,,dE,,
,[s],,[mL],,,,,[mV],,[mL],,,[°C],,,,[mV],,
,0,,0,,,,,196.6,,,,,17.8,,,,,,
,3,,0.02,,,,,198.2,,0.02,,,17.8,,,,1.6,,
,6,,0.04,,,,,200.2,,0.02,,,17.8,,,,2,,
,9,,0.06,,,,,202.1,,0.02,,,17.8,,,,1.9,,
,12,,0.08,,,,,203.8,,0.02,,,17.8,,,,1.7,,
,15,,0.1,,,,,205.6,,0.02,,,17.8,,,,1.8,,
,18,,0.12,,,,,207.1,,0.02,,,17.8,,,,1.5,,
,21,,0.14,,,,,208.6,,0.02,,,17.8,,,,1.5,,
,24,,0.16,,,,,209.8,,0.02,,,17.8,,,,1.2,,
,27,,0.18,,,,,211.1,,0.02,,,17.8,,,,1.3,,
,30,,0.2,,,,,212.3,,0.02,,,17.8,,,,1.2,,
,33,,0.22,,,,,213.5,,0.02,,,17.8,,,,1.2,,
,36,,0.24,,,,,214.7,,0.02,,,17.8,,,,1.2,,
,39,,0.26,,,,,215.8,,0.02,,,17.8,,,,1.1,,
,42,,0.28,,,,,216.9,,0.02,,,17.8,,,,1.1,,
,45,,0.3,,,,,217.9,,0.02,,,17.8,,,,1,,
,48,,0.32,,,,,218.8,,0.02,,,17.8,,,,0.9,,
,51,,0.34,,,,,219.7,,0.02,,,17.8,,,,0.9,,
,54,,0.36,,,,,220.5,,0.02,,,17.9,,,,0.8,,
,57,,0.38,,,,,221.3,,0.02,,,17.9,,,,0.8,,
,60,,0.4,,,,,222.2,,0.02,,,17.9,,,,0.9,,
,64,,0.42,,,,,223,,0.02,,,17.9,,,,0.8,,
,66,,0.44,,,,,223.7,,0.02,,,17.9,,,,0.7,,
,70,,0.46,,,,,224.5,,0.02,,,17.9,,,,0.8,,
,72,,0.48,,,,,225.3,,0.02,,,17.9,,,,0.8,,
,76,,0.5,,,,,226.1,,0.02,,,17.9,,,,0.8,,
,78,,0.52,,,,,226.8,,0.02,,,17.9,,,,0.7,,
,82,,0.54,,,,,227.3,,0.02,,,17.9,,,,0.5,,
,84,,0.56,,,,,228,,0.02,,,17.9,,,,0.7,,
,88,,0.58,,,,,228.6,,0.02,,,17.9,,,,0.6,,
,91,,0.6,,,,,229.2,,0.02,,,17.9,,,,0.6,,
,94,,0.62,,,,,229.8,,0.02,,,17.9,,,,0.6,,
,97,,0.64,,,,,230.4,,0.02,,,17.9,,,,0.6,,
,100,,0.66,,,,,231,,0.02,,,17.9,,,,0.6,,
,103,,0.68,,,,,231.6,,0.02,,,17.9,,,,0.6,,
,106,,0.7,,,,,232.2,,0.02,,,17.9,,,,0.6,,
,109,,0.72,,,,,232.7,,0.02,,,17.9,,,,0.5,,
,112,,0.74,,,,,233.2,,0.02,,,17.9,,,,0.5,,
,115,,0.76,,,,,233.7,,0.02,,,17.9,,,,0.5,,
,118,,0.78,,,,,234.2,,0.02,,,17.9,,,,0.5,,
,121,,0.8,,,,,234.7,,0.02,,,17.9,,,,0.5,,
,124,,0.82,,,,,235.2,,0.02,,,17.9,,,,0.5,,
,127,,0.84,,,,,235.7,,0.02,,,17.9,,,,0.5,,
,130,,0.86,,,,,236.2,,0.02,,,17.9,,,,0.5,,
,133,,0.88,,,,,236.6,,0.02,,,17.9,,,,0.4,,
,136,,0.9,,,,,237.1,,0.02,,,17.9,,,,0.5,,
,139,,0.92,,,,,237.5,,0.02,,,17.9,,,,0.4,,
,142,,0.94,,,,,238,,0.02,,,17.9,,,,0.5,,
,145,,0.96,,,,,238.4,,0.02,,,17.9,,,,0.4,,
,148,,0.98,,,,,238.7,,0.02,,,17.9,,,,0.3,,
,151,,1,,,,,239.1,,0.02,,,17.9,,,,0.4,,
,154,,1.02,,,,,239.5,,0.02,,,17.9,,,,0.4,,
,157,,1.04,,,,,239.9,,0.02,,,17.9,,,,0.4,,
,160,,1.06,,,,,240.3,,0.02,,,17.9,,,,0.4,,
,163,,1.08,,,,,240.8,,0.02,,,17.9,,,,0.5,,
,166,,1.1,,,,,241.2,,0.02,,,17.9,,,,0.4,,
,169,,1.12,,,,,241.5,,0.02,,,17.9,,,,0.3,,
,172,,1.14,,,,,241.9,,0.02,,,17.9,,,,0.4,,
,175,,1.16,,,,,242.3,,0.02,,,17.9,,,,0.4,,
,178,,1.18,,,,,242.6,,0.02,,,17.9,,,,0.3,,
,181,,1.2,,,,,242.9,,0.02,,,17.9,,,,0.3,,
,184,,1.22,,,,,243.3,,0.02,,,17.9,,,,0.4,,
,187,,1.24,,,,,243.6,,0.02,,,17.9,,,,0.3,,
,190,,1.26,,,,,244,,0.02,,,17.9,,,,0.4,,
,193,,1.28,,,,,244.3,,0.02,,,17.9,,,,0.3,,
,196,,1.3,,,,,244.7,,0.02,,,17.9,,,,0.4,,
,199,,1.32,,,,,245,,0.02,,,17.9,,,,0.3,,
,202,,1.34,,,,,245.4,,0.02,,,17.9,,,,0.4,,
,205,,1.36,,,,,245.6,,0.02,,,17.9,,,,0.2,,
,208,,1.38,,,,,245.9,,0.02,,,17.9,,,,0.3,,
,211,,1.4,,,,,246.2,,0.02,,,17.9,,,,0.3,,
,214,,1.42,,,,,246.5,,0.02,,,17.9,,,,0.3,,
,217,,1.44,,,,,246.8,,0.02,,,17.9,,,,0.3,,
,220,,1.46,,,,,247.2,,0.02,,,17.9,,,,0.4,,
,223,,1.48,,,,,247.5,,0.02,,,17.9,,,,0.3,,
,226,,1.5,,,,,247.7,,0.02,,,17.9,,,,0.2,,
,229,,1.52,,,,,248.1,,0.02,,,17.9,,,,0.4,,
Measure (normal) [1],,,,,,,"Scope 1/1, Sample 9/12",,,,,,,,,,,,
Measured Values,,,,"Scope 1/1, Sample 9/12",,,,,,,,,,,,,,,
,Time,,,,Meas. value,,,,,,Temp.,,,,dE,,,,
,[s],,,,[mV],,,,,,[°C],,,,[mV],,,,
,1,,,,-78.3,,,,,,17.6,,,,,,,,
,2,,,,-78.3,,,,,,17.6,,,,0,,,,
,3,,,,-78.3,,,,,,17.6,,,,0,,,,
,4,,,,-78.3,,,,,,17.6,,,,0,,,,
,5,,,,-78.3,,,,,,17.6,,,,0,,,,
,6,,,,-78.3,,,,,,17.6,,,,0,,,,
,7,,,,-78.3,,,,,,17.6,,,,0,,,,
,8,,,,-78.4,,,,,,17.6,,,,-0.1,,,,
,9,,,,-78.3,,,,,,17.6,,,,0.1,,,,
,10,,,,-78.4,,,,,,17.6,,,,-0.1,,,,
Titration (EP) [1],,,,,,,"Scope 1/1, Sample 9/12",,,,,,,,,,,,
Measured Values,,,,"Scope 1/1, Sample 9/12",,,,,,,,,,,,,,,
,Time,,V,,,,,Meas. value,,,dV,,Temp.,,dE,,,,EP
,[s],,[mL],,,,,[mV],,,[mL],,[°C],,[mV],,,,
,0,,0,,,,,-78.3,,,,,17.6,,,,,,
,1,,0.001,,,,,-78.4,,,0.001,,17.6,,-0.1,,,,
,2,,0.005,,,,,-78.3,,,0.004,,17.6,,0.1,,,,
,3,,0.011,,,,,-78.1,,,0.006,,17.6,,0.2,,,,
,4,,0.02,,,,,-77.5,,,0.009,,17.6,,0.6,,,,
,5,,0.034,,,,,-76.2,,,0.014,,17.6,,1.3,,,,
,6,,0.0555,,,,,-73.7,,,0.0215,,17.6,,2.5,,,,
,7,,0.08,,,,,-70.1,,,0.0245,,17.6,,3.6,,,,
,8,,0.1145,,,,,-64.4,,,0.0345,,17.6,,5.7,,,,
,9,,0.1565,,,,,-56.6,,,0.042,,17.6,,7.8,,,,
,10,,0.208,,,,,-44.4,,,0.0515,,17.6,,12.2,,,,
,11,,0.27,,,,,-29.4,,,0.062,,17.6,,15,,,,
,12,,0.3445,,,,,-14.2,,,0.0745,,17.6,,15.2,,,,
,13,,0.421,,,,,1.7,,,0.0765,,17.6,,15.9,,,,
,14,,0.52,,,,,20.6,,,0.099,,17.6,,18.9,,,,
,15,,0.632,,,,,38.5,,,0.112,,17.6,,17.9,,,,
,16,,0.757,,,,,56.6,,,0.125,,17.6,,18.1,,,,
,17,,0.894,,,,,74.2,,,0.137,,17.6,,17.6,,,,
,18,,1.043,,,,,96,,,0.149,,17.6,,21.8,,,,
,19,,1.089,,,,,116.1,,,0.046,,17.6,,20.1,,,,
,20,,1.0905,,,,,109.5,,,0.0015,,17.6,,-6.6,,,,
,21,,1.0935,,,,,104.6,,,0.003,,17.6,,-4.9,,,,
,22,,1.0975,,,,,104.2,,,0.004,,17.6,,-0.4,,,,
,23,,1.104,,,,,105.9,,,0.0065,,17.7,,1.7,,,,
,24,,1.1145,,,,,108.9,,,0.0105,,17.7,,3,,,,
,25,,1.1265,,,,,113.5,,,0.012,,17.7,,4.6,,,,
,26,,1.1425,,,,,119.4,,,0.016,,17.7,,5.9,,,,
,27,,1.1615,,,,,125.3,,,0.019,,17.7,,5.9,,,,
,28,,1.182,,,,,132.1,,,0.0205,,17.7,,6.8,,,,
,29,,1.2035,,,,,139.3,,,0.0215,,17.7,,7.2,,,,
,30,,1.222,,,,,147,,,0.0185,,17.7,,7.7,,,,
,31,,1.2295,,,,,152.8,,,0.0075,,17.7,,5.8,,,,
,32,,1.236,,,,,156.5,,,0.0065,,17.7,,3.7,,,,
,33,,1.2425,,,,,158.9,,,0.0065,,17.7,,2.4,,,,
,34,,1.2515,,,,,161.8,,,0.009,,17.7,,2.9,,,,
,35,,1.262,,,,,165,,,0.0105,,17.7,,3.2,,,,
,36,,1.2735,,,,,168.2,,,0.0115,,17.7,,3.2,,,,
,37,,1.2835,,,,,171.5,,,0.01,,17.7,,3.3,,,,
,38,,1.2925,,,,,174.2,,,0.009,,17.7,,2.7,,,,
,39,,1.301,,,,,176.7,,,0.0085,,17.7,,2.5,,,,
,40,,1.31,,,,,178.5,,,0.009,,17.7,,1.8,,,,
,41,,1.319,,,,,180.5,,,0.009,,17.7,,2,,,,
,42,,1.3265,,,,,182.2,,,0.0075,,17.7,,1.7,,,,
,43,,1.334,,,,,183.9,,,0.0075,,17.7,,1.7,,,,
,44,,1.34,,,,,184.9,,,0.006,,17.7,,1,,,,
,45,,1.347,,,,,186.1,,,0.007,,17.7,,1.2,,,,
,46,,1.354,,,,,187.1,,,0.007,,17.7,,1,,,,
,47,,1.3605,,,,,188,,,0.0065,,17.7,,0.9,,,,
,48,,1.3665,,,,,188.9,,,0.006,,17.7,,0.9,,,,
,49,,1.372,,,,,189.7,,,0.0055,,17.7,,0.8,,,,
,50,,1.3775,,,,,190.6,,,0.0055,,17.7,,0.9,,,,
,51,,1.3815,,,,,191.1,,,0.004,,17.7,,0.5,,,,
,52,,1.385,,,,,191.6,,,0.0035,,17.7,,0.5,,,,
,53,,1.3885,,,,,192,,,0.0035,,17.7,,0.4,,,,
,54,,1.392,,,,,192.4,,,0.0035,,17.7,,0.4,,,,
,55,,1.3955,,,,,192.8,,,0.0035,,17.7,,0.4,,,,
,56,,1.3985,,,,,193.4,,,0.003,,17.7,,0.6,,,,
,57,,1.4005,,,,,193.7,,,0.002,,17.7,,0.3,,,,
,58,,1.403,,,,,194,,,0.0025,,17.7,,0.3,,,,
,59,,1.4055,,,,,194.3,,,0.0025,,17.7,,0.3,,,,
,60,,1.407,,,,,194.6,,,0.0015,,17.7,,0.3,,,,
,61,,1.408,,,,,194.8,,,0.001,,17.7,,0.2,,,,
,62,,1.41,,,,,195,,,0.002,,17.7,,0.2,,,,
,63,,1.4125,,,,,195.2,,,0.0025,,17.7,,0.2,,,,
,64,,1.4145,,,,,195.4,,,0.002,,17.7,,0.2,,,,
,65,,1.4155,,,,,195.7,,,0.001,,17.7,,0.3,,,,
,66,,1.4175,,,,,195.8,,,0.002,,17.7,,0.1,,,,
,,,1.418833,,,,,196,,,,,,,,,,,EP
,67,,1.4195,,,,,196.1,,,0.002,,17.7,,0.3,,,,
,68,,1.4195,,,,,196.2,,,0,,17.7,,0.1,,,,
,69,,1.4195,,,,,196.3,,,0,,17.7,,0.1,,,,
,70,,1.4195,,,,,196.3,,,0,,17.7,,0,,,,
Titration (EQP) [2],,,,,,,"Scope 1/1, Sample 9/12",,,,,,,,,,,,
Measured Values,,,,"Scope 1/1, Sample 9/12",,,,,,,,,,,,,,,
,Time,,V,,,,,Meas. value,,dV,,,Temp.,,,,dE,,
,[s],,[mL],,,,,[mV],,[mL],,,[°C],,,,[mV],,
,0,,0,,,,,196.3,,,,,17.9,,,,,,
,3,,0.02,,,,,197.9,,0.02,,,17.9,,,,1.6,,
,6,,0.04,,,,,199.9,,0.02,,,17.9,,,,2,,
,9,,0.06,,,,,201.8,,0.02,,,17.9,,,,1.9,,
,12,,0.08,,,,,203.7,,0.02,,,17.9,,,,1.9,,
,15,,0.1,,,,,205.4,,0.02,,,17.9,,,,1.7,,
,18,,0.12,,,,,207,,0.02,,,17.9,,,,1.6,,
,21,,0.14,,,,,208.4,,0.02,,,17.9,,,,1.4,,
,24,,0.16,,,,,209.7,,0.02,,,17.9,,,,1.3,,
,27,,0.18,,,,,211,,0.02,,,17.9,,,,1.3,,
,30,,0.2,,,,,212.3,,0.02,,,17.9,,,,1.3,,
,33,,0.22,,,,,213.4,,0.02,,,17.9,,,,1.1,,
,36,,0.24,,,,,214.6,,0.02,,,17.9,,,,1.2,,
,39,,0.26,,,,,215.6,,0.02,,,17.9,,,,1,,
,42,,0.28,,,,,216.7,,0.02,,,17.9,,,,1.1,,
,45,,0.3,,,,,217.7,,0.02,,,17.9,,,,1,,
,48,,0.32,,,,,218.7,,0.02,,,17.9,,,,1,,
,51,,0.34,,,,,219.6,,0.02,,,17.9,,,,0.9,,
,54,,0.36,,,,,220.5,,0.02,,,17.9,,,,0.9,,
,57,,0.38,,,,,221.3,,0.02,,,17.9,,,,0.8,,
,60,,0.4,,,,,222.1,,0.02,,,17.9,,,,0.8,,
,64,,0.42,,,,,222.9,,0.02,,,17.9,,,,0.8,,
,66,,0.44,,,,,223.6,,0.02,,,17.9,,,,0.7,,
,70,,0.46,,,,,224.5,,0.02,,,17.9,,,,0.9,,
,72,,0.48,,,,,225.2,,0.02,,,17.9,,,,0.7,,
,76,,0.5,,,,,225.9,,0.02,,,17.9,,,,0.7,,
,78,,0.52,,,,,226.7,,0.02,,,17.9,,,,0.8,,
,82,,0.54,,,,,227.4,,0.02,,,17.9,,,,0.7,,
,84,,0.56,,,,,228,,0.02,,,17.9,,,,0.6,,
,88,,0.58,,,,,228.6,,0.02,,,17.9,,,,0.6,,
,91,,0.6,,,,,229.2,,0.02,,,17.9,,,,0.6,,
,94,,0.62,,,,,229.8,,0.02,,,17.9,,,,0.6,,
,97,,0.64,,,,,230.4,,0.02,,,17.9,,,,0.6,,
,100,,0.66,,,,,231,,0.02,,,17.9,,,,0.6,,
,103,,0.68,,,,,231.6,,0.02,,,17.9,,,,0.6,,
,106,,0.7,,,,,232.2,,0.02,,,17.9,,,,0.6,,
,109,,0.72,,,,,232.7,,0.02,,,17.9,,,,0.5,,
,112,,0.74,,,,,233.2,,0.02,,,18,,,,0.5,,
,115,,0.76,,,,,233.7,,0.02,,,18,,,,0.5,,
,118,,0.78,,,,,234.2,,0.02,,,18,,,,0.5,,
,121,,0.8,,,,,234.6,,0.02,,,18,,,,0.4,,
,124,,0.82,,,,,235.2,,0.02,,,18,,,,0.6,,
,127,,0.84,,,,,235.7,,0.02,,,18,,,,0.5,,
,130,,0.86,,,,,236.1,,0.02,,,18,,,,0.4,,
,133,,0.88,,,,,236.6,,0.02,,,18,,,,0.5,,
,136,,0.9,,,,,237.1,,0.02,,,18,,,,0.5,,
,139,,0.92,,,,,237.5,,0.02,,,18,,,,0.4,,
,142,,0.94,,,,,237.9,,0.02,,,18,,,,0.4,,
,145,,0.96,,,,,238.4,,0.02,,,18,,,,0.5,,
,148,,0.98,,,,,238.7,,0.02,,,18,,,,0.3,,
,151,,1,,,,,239.1,,0.02,,,18,,,,0.4,,
,154,,1.02,,,,,239.6,,0.02,,,18,,,,0.5,,
,157,,1.04,,,,,240,,0.02,,,18,,,,0.4,,
,160,,1.06,,,,,240.4,,0.02,,,18,,,,0.4,,
,163,,1.08,,,,,240.8,,0.02,,,18,,,,0.4,,
,166,,1.1,,,,,241.2,,0.02,,,18,,,,0.4,,
,169,,1.12,,,,,241.5,,0.02,,,18,,,,0.3,,
,172,,1.14,,,,,241.9,,0.02,,,18,,,,0.4,,
,175,,1.16,,,,,242.2,,0.02,,,18,,,,0.3,,
,178,,1.18,,,,,242.6,,0.02,,,18,,,,0.4,,
,181,,1.2,,,,,242.9,,0.02,,,18,,,,0.3,,
,184,,1.22,,,,,243.3,,0.02,,,18,,,,0.4,,
,187,,1.24,,,,,243.6,,0.02,,,18,,,,0.3,,
,190,,1.26,,,,,244,,0.02,,,18,,,,0.4,,
,193,,1.28,,,,,244.3,,0.02,,,18,,,,0.3,,
,196,,1.3,,,,,244.7,,0.02,,,18,,,,0.4,,
,199,,1.32,,,,,245,,0.02,,,18,,,,0.3,,
,202,,1.34,,,,,245.3,,0.02,,,18,,,,0.3,,
,205,,1.36,,,,,245.6,,0.02,,,18,,,,0.3,,
,208,,1.38,,,,,246,,0.02,,,18,,,,0.4,,
,211,,1.4,,,,,246.2,,0.02,,,18,,,,0.2,,
,214,,1.42,,,,,246.5,,0.02,,,18,,,,0.3,,
,217,,1.44,,,,,246.9,,0.02,,,18,,,,0.4,,
,220,,1.46,,,,,247.2,,0.02,,,18,,,,0.3,,
,223,,1.48,,,,,247.5,,0.02,,,18,,,,0.3,,
,226,,1.5,,,,,247.8,,0.02,,,18,,,,0.3,,
,229,,1.52,,,,,248,,0.02,,,18,,,,0.2,,
Measure (normal) [1],,,,,,,"Scope 1/1, Sample 10/12",,,,,,,,,,,,
Measured Values,,,,"Scope 1/1, Sample 10/12",,,,,,,,,,,,,,,
,Time,,,,Meas. value,,,,,,Temp.,,,,dE,,,,
,[s],,,,[mV],,,,,,[°C],,,,[mV],,,,
,1,,,,-66.9,,,,,,17.6,,,,,,,,
,2,,,,-66.9,,,,,,17.6,,,,0,,,,
,3,,,,-66.9,,,,,,17.6,,,,0,,,,
,4,,,,-66.9,,,,,,17.6,,,,0,,,,
,5,,,,-66.9,,,,,,17.6,,,,0,,,,
,6,,,,-67,,,,,,17.6,,,,-0.1,,,,
,7,,,,-67,,,,,,17.6,,,,0,,,,
,8,,,,-67,,,,,,17.6,,,,0,,,,
,9,,,,-67,,,,,,17.6,,,,0,,,,
Titration (EP) [1],,,,,,,"Scope 1/1, Sample 10/12",,,,,,,,,,,,
Measured Values,,,,"Scope 1/1, Sample 10/12",,,,,,,,,,,,,,,
,Time,,V,,,,,Meas. value,,,dV,,Temp.,,dE,,,,EP
,[s],,[mL],,,,,[mV],,,[mL],,[°C],,[mV],,,,
,0,,0,,,,,-67,,,,,17.6,,,,,,
,1,,0.001,,,,,-67.1,,,0.001,,17.6,,-0.1,,,,
,2,,0.005,,,,,-67,,,0.004,,17.6,,0.1,,,,
,3,,0.011,,,,,-66.9,,,0.006,,17.6,,0.1,,,,
,4,,0.02,,,,,-66.2,,,0.009,,17.6,,0.7,,,,
,5,,0.034,,,,,-64.9,,,0.014,,17.6,,1.3,,,,
,6,,0.055,,,,,-62.6,,,0.021,,17.6,,2.3,,,,
,7,,0.08,,,,,-59,,,0.025,,17.6,,3.6,,,,
,8,,0.1145,,,,,-53.7,,,0.0345,,17.6,,5.3,,,,
,9,,0.157,,,,,-45.6,,,0.0425,,17.6,,8.1,,,,
,10,,0.2085,,,,,-33.7,,,0.0515,,17.6,,11.9,,,,
,11,,0.2705,,,,,-19.3,,,0.062,,17.6,,14.4,,,,
,12,,0.3445,,,,,-3.2,,,0.074,,17.6,,16.1,,,,
,13,,0.421,,,,,12,,,0.0765,,17.6,,15.2,,,,
,14,,0.52,,,,,30.2,,,0.099,,17.6,,18.2,,,,
,15,,0.6315,,,,,47.5,,,0.1115,,17.6,,17.3,,,,
,16,,0.7565,,,,,63.7,,,0.125,,17.6,,16.2,,,,
,17,,0.8935,,,,,84.5,,,0.137,,17.6,,20.8,,,,
,18,,1.024,,,,,104.7,,,0.1305,,17.6,,20.2,,,,
,19,,1.0275,,,,,110.5,,,0.0035,,17.6,,5.8,,,,
,20,,1.0305,,,,,104,,,0.003,,17.6,,-6.5,,,,
,21,,1.0345,,,,,101.8,,,0.004,,17.6,,-2.2,,,,
,22,,1.041,,,,,102.6,,,0.0065,,17.6,,0.8,,,,
,23,,1.051,,,,,106.3,,,0.01,,17.6,,3.7,,,,
,24,,1.0645,,,,,111.3,,,0.0135,,17.6,,5,,,,
,25,,1.079,,,,,116.7,,,0.0145,,17.6,,5.4,,,,
,26,,1.0975,,,,,124.1,,,0.0185,,17.6,,7.4,,,,
,27,,1.117,,,,,129.6,,,0.0195,,17.6,,5.5,,,,
,28,,1.139,,,,,137.2,,,0.022,,17.6,,7.6,,,,
,29,,1.1575,,,,,144.7,,,0.0185,,17.6,,7.5,,,,
,30,,1.169,,,,,149.6,,,0.0115,,17.6,,4.9,,,,
,31,,1.179,,,,,153.1,,,0.01,,17.6,,3.5,,,,
,32,,1.191,,,,,157.2,,,0.012,,17.6,,4.1,,,,
,33,,1.204,,,,,161.7,,,0.013,,17.6,,4.5,,,,
,34,,1.2155,,,,,166.1,,,0.0115,,17.6,,4.4,,,,
,35,,1.2235,,,,,169.4,,,0.008,,17.6,,3.3,,,,
,36,,1.2315,,,,,171.8,,,0.008,,17.6,,2.4,,,,
,37,,1.2385,,,,,174.1,,,0.007,,17.6,,2.3,,,,
,38,,1.2475,,,,,176.3,,,0.009,,17.6,,2.2,,,,
,39,,1.2565,,,,,178.2,,,0.009,,17.6,,1.9,,,,
,40,,1.2665,,,,,180,,,0.01,,17.6,,1.8,,,,
,41,,1.2765,,,,,182.3,,,0.01,,17.6,,2.3,,,,
,42,,1.282,,,,,183.8,,,0.0055,,17.6,,1.5,,,,
,43,,1.286,,,,,185,,,0.004,,17.6,,1.2,,,,
,44,,1.29,,,,,185.8,,,0.004,,17.6,,0.8,,,,
,45,,1.2955,,,,,186.7,,,0.0055,,17.6,,0.9,,,,
,46,,1.302,,,,,187.7,,,0.0065,,17.6,,1,,,,
,47,,1.309,,,,,188.8,,,0.007,,17.6,,1.1,,,,
,48,,1.313,,,,,189.5,,,0.004,,17.6,,0.7,,,,
,49,,1.316,,,,,190.2,,,0.003,,17.6,,0.7,,,,
,50,,1.3185,,,,,190.9,,,0.0025,,17.6,,0.7,,,,
,51,,1.3215,,,,,191.3,,,0.003,,17.6,,0.4,,,,
,52,,1.3255,,,,,191.7,,,0.004,,17.6,,0.4,,,,
,53,,1.3295,,,,,192.3,,,0.004,,17.6,,0.6,,,,
,54,,1.3325,,,,,192.7,,,0.003,,17.6,,0.4,,,,
,55,,1.3345,,,,,193.1,,,0.002,,17.6,,0.4,,,,
,56,,1.337,,,,,193.6,,,0.0025,,17.6,,0.5,,,,
,57,,1.3395,,,,,193.9,,,0.0025,,17.6,,0.3,,,,
,58,,1.342,,,,,194.2,,,0.0025,,17.7,,0.3,,,,
,59,,1.3435,,,,,194.4,,,0.0015,,17.6,,0.2,,,,
,60,,1.3455,,,,,194.7,,,0.002,,17.7,,0.3,,,,
,61,,1.347,,,,,194.9,,,0.0015,,17.7,,0.2,,,,
,62,,1.3485,,,,,195.1,,,0.0015,,17.7,,0.2,,,,
,63,,1.3495,,,,,195.3,,,0.001,,17.6,,0.2,,,,
,64,,1.352,,,,,195.5,,,0.0025,,17.7,,0.2,,,,
,65,,1.3545,,,,,195.7,,,0.0025,,17.7,,0.2,,,,
,66,,1.3545,,,,,195.8,,,0,,17.7,,0.1,,,,
,67,,1.356,,,,,196,,,0.0015,,17.7,,0.2,,,,
,,,1.356,,,,,196,,,,,,,,,,,EP
,68,,1.357,,,,,196.2,,,0.001,,17.7,,0.2,,,,
,69,,1.357,,,,,196.3,,,0,,17.7,,0.1,,,,
,70,,1.357,,,,,196.3,,,0,,17.7,,0,,,,
Titration (EQP) [2],,,,,,,"Scope 1/1, Sample 10/12",,,,,,,,,,,,
Measured Values,,,,"Scope 1/1, Sample 10/12",,,,,,,,,,,,,,,
,Time,,V,,,,,Meas. value,,dV,,,Temp.,,,,dE,,
,[s],,[mL],,,,,[mV],,[mL],,,[°C],,,,[mV],,
,0,,0,,,,,196.6,,,,,17.9,,,,,,
,3,,0.02,,,,,198.3,,0.02,,,17.9,,,,1.7,,
,6,,0.04,,,,,200.2,,0.02,,,17.9,,,,1.9,,
,9,,0.06,,,,,202.2,,0.02,,,17.9,,,,2,,
,12,,0.08,,,,,203.9,,0.02,,,17.9,,,,1.7,,
,15,,0.1,,,,,205.7,,0.02,,,17.9,,,,1.8,,
,18,,0.12,,,,,207.2,,0.02,,,17.9,,,,1.5,,
,21,,0.14,,,,,208.7,,0.02,,,17.9,,,,1.5,,
,24,,0.16,,,,,210,,0.02,,,17.9,,,,1.3,,
,27,,0.18,,,,,211.3,,0.02,,,17.9,,,,1.3,,
,30,,0.2,,,,,212.5,,0.02,,,17.9,,,,1.2,,
,33,,0.22,,,,,213.7,,0.02,,,17.9,,,,1.2,,
,36,,0.24,,,,,214.9,,0.02,,,17.9,,,,1.2,,
,39,,0.26,,,,,216,,0.02,,,17.9,,,,1.1,,
,42,,0.28,,,,,217.1,,0.02,,,17.9,,,,1.1,,
,45,,0.3,,,,,218,,0.02,,,17.9,,,,0.9,,
,48,,0.32,,,,,219.1,,0.02,,,17.9,,,,1.1,,
,51,,0.34,,,,,220,,0.02,,,17.9,,,,0.9,,
,54,,0.36,,,,,221,,0.02,,,17.9,,,,1,,
,57,,0.38,,,,,221.7,,0.02,,,17.9,,,,0.7,,
,60,,0.4,,,,,222.5,,0.02,,,17.9,,,,0.8,,
,63,,0.42,,,,,223.3,,0.02,,,17.9,,,,0.8,,
,66,,0.44,,,,,224.1,,0.02,,,17.9,,,,0.8,,
,70,,0.46,,,,,224.8,,0.02,,,17.9,,,,0.7,,
,72,,0.48,,,,,225.6,,0.02,,,17.9,,,,0.8,,
,76,,0.5,,,,,226.3,,0.02,,,17.9,,,,0.7,,
,79,,0.52,,,,,227.1,,0.02,,,17.9,,,,0.8,,
,82,,0.54,,,,,227.7,,0.02,,,17.9,,,,0.6,,
,85,,0.56,,,,,228.3,,0.02,,,17.9,,,,0.6,,
,88,,0.58,,,,,229,,0.02,,,17.9,,,,0.7,,
,91,,0.6,,,,,229.6,,0.02,,,17.9,,,,0.6,,
,94,,0.62,,,,,230.2,,0.02,,,17.9,,,,0.6,,
,97,,0.64,,,,,230.8,,0.02,,,17.9,,,,0.6,,
,100,,0.66,,,,,231.3,,0.02,,,17.9,,,,0.5,,
,103,,0.68,,,,,231.9,,0.02,,,17.9,,,,0.6,,
,106,,0.7,,,,,232.5,,0.02,,,17.9,,,,0.6,,
,109,,0.72,,,,,233.1,,0.02,,,17.9,,,,0.6,,
,112,,0.74,,,,,233.6,,0.02,,,17.9,,,,0.5,,
,115,,0.76,,,,,234.1,,0.02,,,17.9,,,,0.5,,
,118,,0.78,,,,,234.6,,0.02,,,17.9,,,,0.5,,
,121,,0.8,,,,,235.1,,0.02,,,17.9,,,,0.5,,
,124,,0.82,,,,,235.6,,0.02,,,17.9,,,,0.5,,
,127,,0.84,,,,,236.1,,0.02,,,17.9,,,,0.5,,
,130,,0.86,,,,,236.5,,0.02,,,17.9,,,,0.4,,
,133,,0.88,,,,,237,,0.02,,,17.9,,,,0.5,,
,136,,0.9,,,,,237.4,,0.02,,,17.9,,,,0.4,,
,139,,0.92,,,,,237.9,,0.02,,,18,,,,0.5,,
,142,,0.94,,,,,238.3,,0.02,,,18,,,,0.4,,
,145,,0.96,,,,,238.7,,0.02,,,18,,,,0.4,,
,148,,0.98,,,,,239.1,,0.02,,,18,,,,0.4,,
,151,,1,,,,,239.5,,0.02,,,18,,,,0.4,,
,154,,1.02,,,,,239.9,,0.02,,,18,,,,0.4,,
,157,,1.04,,,,,240.4,,0.02,,,18,,,,0.5,,
,160,,1.06,,,,,240.8,,0.02,,,18,,,,0.4,,
,163,,1.08,,,,,241.2,,0.02,,,18,,,,0.4,,
,166,,1.1,,,,,241.6,,0.02,,,18,,,,0.4,,
,169,,1.12,,,,,241.9,,0.02,,,18,,,,0.3,,
,172,,1.14,,,,,242.3,,0.02,,,18,,,,0.4,,
,175,,1.16,,,,,242.6,,0.02,,,18,,,,0.3,,
,178,,1.18,,,,,242.9,,0.02,,,18,,,,0.3,,
,181,,1.2,,,,,243.3,,0.02,,,18,,,,0.4,,
,184,,1.22,,,,,243.6,,0.02,,,18,,,,0.3,,
,187,,1.24,,,,,244,,0.02,,,18,,,,0.4,,
,190,,1.26,,,,,244.4,,0.02,,,18,,,,0.4,,
,193,,1.28,,,,,244.7,,0.02,,,18,,,,0.3,,
,196,,1.3,,,,,245,,0.02,,,18,,,,0.3,,
,199,,1.32,,,,,245.4,,0.02,,,18,,,,0.4,,
,202,,1.34,,,,,245.8,,0.02,,,18,,,,0.4,,
,205,,1.36,,,,,246,,0.02,,,18,,,,0.2,,
,208,,1.38,,,,,246.3,,0.02,,,18,,,,0.3,,
,211,,1.4,,,,,246.6,,0.02,,,18,,,,0.3,,
,214,,1.42,,,,,246.9,,0.02,,,18,,,,0.3,,
,217,,1.44,,,,,247.2,,0.02,,,18,,,,0.3,,
,220,,1.46,,,,,247.5,,0.02,,,18,,,,0.3,,
,223,,1.48,,,,,247.8,,0.02,,,18,,,,0.3,,
,226,,1.5,,,,,248.1,,0.02,,,18,,,,0.3,,
Measure (normal) [1],,,,,,,"Scope 1/1, Sample 11/12",,,,,,,,,,,,
Measured Values,,,,"Scope 1/1, Sample 11/12",,,,,,,,,,,,,,,
,Time,,,,Meas. value,,,,,,Temp.,,,,dE,,,,
,[s],,,,[mV],,,,,,[°C],,,,[mV],,,,
,1,,,,-67.3,,,,,,17.6,,,,,,,,
,2,,,,-67.3,,,,,,17.6,,,,0,,,,
,3,,,,-67.3,,,,,,17.6,,,,0,,,,
,4,,,,-67.3,,,,,,17.6,,,,0,,,,
,5,,,,-67.4,,,,,,17.6,,,,-0.1,,,,
,6,,,,-67.4,,,,,,17.6,,,,0,,,,
,7,,,,-67.4,,,,,,17.6,,,,0,,,,
,8,,,,-67.4,,,,,,17.6,,,,0,,,,
,9,,,,-67.4,,,,,,17.6,,,,0,,,,
Titration (EP) [1],,,,,,,"Scope 1/1, Sample 11/12",,,,,,,,,,,,
Measured Values,,,,"Scope 1/1, Sample 11/12",,,,,,,,,,,,,,,
,Time,,V,,,,,Meas. value,,,dV,,Temp.,,dE,,,,EP
,[s],,[mL],,,,,[mV],,,[mL],,[°C],,[mV],,,,
,0,,0,,,,,-67.4,,,,,17.6,,,,,,
,1,,0.001,,,,,-67.4,,,0.001,,17.6,,0,,,,
,2,,0.005,,,,,-67.4,,,0.004,,17.6,,0,,,,
,3,,0.011,,,,,-67.2,,,0.006,,17.6,,0.2,,,,
,4,,0.0195,,,,,-66.7,,,0.0085,,17.6,,0.5,,,,
,5,,0.0335,,,,,-65.5,,,0.014,,17.6,,1.2,,,,
,6,,0.054,,,,,-63.3,,,0.0205,,17.6,,2.2,,,,
,7,,0.078,,,,,-60.2,,,0.024,,17.6,,3.1,,,,
,8,,0.1115,,,,,-55.1,,,0.0335,,17.6,,5.1,,,,
,9,,0.153,,,,,-47.3,,,0.0415,,17.6,,7.8,,,,
,10,,0.2045,,,,,-36.6,,,0.0515,,17.6,,10.7,,,,
,11,,0.2665,,,,,-21.7,,,0.062,,17.6,,14.9,,,,
,12,,0.341,,,,,-7.4,,,0.0745,,17.6,,14.3,,,,
,13,,0.418,,,,,7.5,,,0.077,,17.6,,14.9,,,,
,14,,0.517,,,,,25.4,,,0.099,,17.6,,17.9,,,,
,15,,0.6285,,,,,43.9,,,0.1115,,17.6,,18.5,,,,
,16,,0.7535,,,,,64.3,,,0.125,,17.6,,20.4,,,,
,17,,0.8905,,,,,81.9,,,0.137,,17.6,,17.6,,,,
,18,,1.0395,,,,,99.5,,,0.149,,17.6,,17.6,,,,
,19,,1.0585,,,,,114,,,0.019,,17.6,,14.5,,,,
,20,,1.061,,,,,109.3,,,0.0025,,17.6,,-4.7,,,,
,21,,1.065,,,,,106.4,,,0.004,,17.6,,-2.9,,,,
,22,,1.071,,,,,106.8,,,0.006,,17.6,,0.4,,,,
,23,,1.08,,,,,109.9,,,0.009,,17.6,,3.1,,,,
,24,,1.0915,,,,,112.6,,,0.0115,,17.6,,2.7,,,,
,25,,1.108,,,,,120.1,,,0.0165,,17.6,,7.5,,,,
,26,,1.126,,,,,126.6,,,0.018,,17.6,,6.5,,,,
,27,,1.145,,,,,134.8,,,0.019,,17.6,,8.2,,,,
,28,,1.159,,,,,140.1,,,0.014,,17.6,,5.3,,,,
,29,,1.174,,,,,145,,,0.015,,17.6,,4.9,,,,
,30,,1.1885,,,,,149.7,,,0.0145,,17.6,,4.7,,,,
,31,,1.2045,,,,,155.3,,,0.016,,17.6,,5.6,,,,
,32,,1.2165,,,,,160.6,,,0.012,,17.6,,5.3,,,,
,33,,1.2255,,,,,164.4,,,0.009,,17.6,,3.8,,,,
,34,,1.2335,,,,,167.4,,,0.008,,17.6,,3,,,,
,35,,1.242,,,,,169.9,,,0.0085,,17.6,,2.5,,,,
,36,,1.251,,,,,172.4,,,0.009,,17.6,,2.5,,,,
,37,,1.2605,,,,,174.8,,,0.0095,,17.6,,2.4,,,,
,38,,1.271,,,,,177.2,,,0.0105,,17.6,,2.4,,,,
,39,,1.2805,,,,,179.5,,,0.0095,,17.6,,2.3,,,,
,40,,1.2875,,,,,181.5,,,0.007,,17.6,,2,,,,
,41,,1.2935,,,,,182.8,,,0.006,,17.6,,1.3,,,,
,42,,1.299,,,,,183.9,,,0.0055,,17.6,,1.1,,,,
,43,,1.306,,,,,185.3,,,0.007,,17.6,,1.4,,,,
,44,,1.313,,,,,186.5,,,0.007,,17.6,,1.2,,,,
,45,,1.319,,,,,187.6,,,0.006,,17.6,,1.1,,,,
,46,,1.3245,,,,,188.6,,,0.0055,,17.6,,1,,,,
,47,,1.329,,,,,189.3,,,0.0045,,17.6,,0.7,,,,
,48,,1.333,,,,,190,,,0.004,,17.6,,0.7,,,,
,49,,1.3375,,,,,190.7,,,0.0045,,17.6,,0.7,,,,
,50,,1.342,,,,,191.4,,,0.0045,,17.6,,0.7,,,,
,51,,1.345,,,,,192,,,0.003,,17.6,,0.6,,,,
,52,,1.3475,,,,,192.4,,,0.0025,,17.6,,0.4,,,,
,53,,1.35,,,,,192.7,,,0.0025,,17.6,,0.3,,,,
,54,,1.3525,,,,,193,,,0.0025,,17.6,,0.3,,,,
,55,,1.3555,,,,,193.3,,,0.003,,17.6,,0.3,,,,
,56,,1.358,,,,,193.8,,,0.0025,,17.6,,0.5,,,,
,57,,1.3605,,,,,194.1,,,0.0025,,17.6,,0.3,,,,
,58,,1.363,,,,,194.4,,,0.0025,,17.6,,0.3,,,,
,59,,1.365,,,,,194.5,,,0.002,,17.6,,0.1,,,,
,60,,1.366,,,,,194.8,,,0.001,,17.6,,0.3,,,,
,61,,1.367,,,,,195,,,0.001,,17.6,,0.2,,,,
,62,,1.369,,,,,195.1,,,0.002,,17.6,,0.1,,,,
,63,,1.371,,,,,195.4,,,0.002,,17.6,,0.3,,,,
,64,,1.3715,,,,,195.5,,,0.0005,,17.6,,0.1,,,,
,65,,1.3735,,,,,195.6,,,0.002,,17.6,,0.1,,,,
,66,,1.3755,,,,,195.8,,,0.002,,17.6,,0.2,,,,
,67,,1.377,,,,,196,,,0.0015,,17.6,,0.2,,,,
,,,1.377,,,,,196,,,,,,,,,,,EP
,68,,1.3775,,,,,196.2,,,0.0005,,17.6,,0.2,,,,
,69,,1.3775,,,,,196.3,,,0,,17.6,,0.1,,,,
,70,,1.3775,,,,,196.3,,,0,,17.6,,0,,,,
Titration (EQP) [2],,,,,,,"Scope 1/1, Sample 11/12",,,,,,,,,,,,
Measured Values,,,,"Scope 1/1, Sample 11/12",,,,,,,,,,,,,,,
,Time,,V,,,,,Meas. value,,dV,,,Temp.,,,,dE,,
,[s],,[mL],,,,,[mV],,[mL],,,[°C],,,,[mV],,
,0,,0,,,,,196.6,,,,,17.9,,,,,,
,3,,0.02,,,,,198.3,,0.02,,,17.9,,,,1.7,,
,6,,0.04,,,,,200.2,,0.02,,,17.9,,,,1.9,,
,9,,0.06,,,,,202.2,,0.02,,,17.9,,,,2,,
,12,,0.08,,,,,203.9,,0.02,,,17.9,,,,1.7,,
,15,,0.1,,,,,205.7,,0.02,,,17.9,,,,1.8,,
,18,,0.12,,,,,207.2,,0.02,,,17.9,,,,1.5,,
,21,,0.14,,,,,208.6,,0.02,,,17.9,,,,1.4,,
,24,,0.16,,,,,209.9,,0.02,,,17.9,,,,1.3,,
,27,,0.18,,,,,211.2,,0.02,,,17.9,,,,1.3,,
,30,,0.2,,,,,212.5,,0.02,,,17.9,,,,1.3,,
,33,,0.22,,,,,213.7,,0.02,,,17.9,,,,1.2,,
,36,,0.24,,,,,214.8,,0.02,,,17.9,,,,1.1,,
,39,,0.26,,,,,215.8,,0.02,,,17.9,,,,1,,
,42,,0.28,,,,,216.9,,0.02,,,17.9,,,,1.1,,
,45,,0.3,,,,,217.9,,0.02,,,17.9,,,,1,,
,48,,0.32,,,,,218.9,,0.02,,,17.9,,,,1,,
,51,,0.34,,,,,219.8,,0.02,,,17.9,,,,0.9,,
,54,,0.36,,,,,220.7,,0.02,,,17.9,,,,0.9,,
,57,,0.38,,,,,221.5,,0.02,,,17.9,,,,0.8,,
,60,,0.4,,,,,222.3,,0.02,,,17.9,,,,0.8,,
,63,,0.42,,,,,223.1,,0.02,,,17.9,,,,0.8,,
,66,,0.44,,,,,223.9,,0.02,,,17.9,,,,0.8,,
,70,,0.46,,,,,224.7,,0.02,,,17.9,,,,0.8,,
,72,,0.48,,,,,225.4,,0.02,,,17.9,,,,0.7,,
,76,,0.5,,,,,226.2,,0.02,,,17.9,,,,0.8,,
,79,,0.52,,,,,226.8,,0.02,,,17.9,,,,0.6,,
,82,,0.54,,,,,227.5,,0.02,,,17.9,,,,0.7,,
,85,,0.56,,,,,228.1,,0.02,,,17.9,,,,0.6,,
,88,,0.58,,,,,228.7,,0.02,,,17.9,,,,0.6,,
,91,,0.6,,,,,229.4,,0.02,,,17.9,,,,0.7,,
,94,,0.62,,,,,229.9,,0.02,,,17.9,,,,0.5,,
,97,,0.64,,,,,230.5,,0.02,,,17.9,,,,0.6,,
,100,,0.66,,,,,231.1,,0.02,,,17.9,,,,0.6,,
,103,,0.68,,,,,231.7,,0.02,,,17.9,,,,0.6,,
,106,,0.7,,,,,232.3,,0.02,,,17.9,,,,0.6,,
,109,,0.72,,,,,232.8,,0.02,,,17.9,,,,0.5,,
,112,,0.74,,,,,233.4,,0.02,,,17.9,,,,0.6,,
,115,,0.76,,,,,233.8,,0.02,,,17.9,,,,0.4,,
,118,,0.78,,,,,234.3,,0.02,,,17.9,,,,0.5,,
,121,,0.8,,,,,234.8,,0.02,,,17.9,,,,0.5,,
,124,,0.82,,,,,235.3,,0.02,,,17.9,,,,0.5,,
,127,,0.84,,,,,235.7,,0.02,,,17.9,,,,0.4,,
,130,,0.86,,,,,236.2,,0.02,,,17.9,,,,0.5,,
,133,,0.88,,,,,236.7,,0.02,,,17.9,,,,0.5,,
,136,,0.9,,,,,237.2,,0.02,,,17.9,,,,0.5,,
,139,,0.92,,,,,237.6,,0.02,,,17.9,,,,0.4,,
,142,,0.94,,,,,238.1,,0.02,,,17.9,,,,0.5,,
,145,,0.96,,,,,238.5,,0.02,,,17.9,,,,0.4,,
,148,,0.98,,,,,238.9,,0.02,,,17.9,,,,0.4,,
,151,,1,,,,,239.3,,0.02,,,17.9,,,,0.4,,
,154,,1.02,,,,,239.7,,0.02,,,17.9,,,,0.4,,
,157,,1.04,,,,,240.1,,0.02,,,17.9,,,,0.4,,
,160,,1.06,,,,,240.5,,0.02,,,17.9,,,,0.4,,
,163,,1.08,,,,,240.8,,0.02,,,17.9,,,,0.3,,
,166,,1.1,,,,,241.3,,0.02,,,17.9,,,,0.5,,
,169,,1.12,,,,,241.7,,0.02,,,18,,,,0.4,,
,172,,1.14,,,,,242.1,,0.02,,,18,,,,0.4,,
,175,,1.16,,,,,242.4,,0.02,,,18,,,,0.3,,
,178,,1.18,,,,,242.8,,0.02,,,18,,,,0.4,,
,181,,1.2,,,,,243.1,,0.02,,,18,,,,0.3,,
,184,,1.22,,,,,243.5,,0.02,,,18,,,,0.4,,
,187,,1.24,,,,,243.8,,0.02,,,18,,,,0.3,,
,190,,1.26,,,,,244.1,,0.02,,,18,,,,0.3,,
,193,,1.28,,,,,244.5,,0.02,,,18,,,,0.4,,
,196,,1.3,,,,,244.8,,0.02,,,18,,,,0.3,,
,199,,1.32,,,,,245.1,,0.02,,,18,,,,0.3,,
,202,,1.34,,,,,245.4,,0.02,,,18,,,,0.3,,
,205,,1.36,,,,,245.7,,0.02,,,18,,,,0.3,,
,208,,1.38,,,,,246,,0.02,,,18,,,,0.3,,
,211,,1.4,,,,,246.4,,0.02,,,18,,,,0.4,,
,214,,1.42,,,,,246.7,,0.02,,,18,,,,0.3,,
,217,,1.44,,,,,247,,0.02,,,18,,,,0.3,,
,220,,1.46,,,,,247.3,,0.02,,,18,,,,0.3,,
,223,,1.48,,,,,247.6,,0.02,,,18,,,,0.3,,
,226,,1.5,,,,,247.9,,0.02,,,18,,,,0.3,,
,229,,1.52,,,,,248.1,,0.02,,,18,,,,0.2,,
Measure (normal) [1],,,,,,,"Scope 1/1, Sample 12/12",,,,,,,,,,,,
Measured Values,,,,"Scope 1/1, Sample 12/12",,,,,,,,,,,,,,,
,Time,,,,Meas. value,,,,,,Temp.,,,,dE,,,,
,[s],,,,[mV],,,,,,[°C],,,,[mV],,,,
,1,,,,-67.4,,,,,,17.6,,,,,,,,
,2,,,,-67.4,,,,,,17.6,,,,0,,,,
,3,,,,-67.4,,,,,,17.6,,,,0,,,,
,4,,,,-67.5,,,,,,17.6,,,,-0.1,,,,
,5,,,,-67.4,,,,,,17.6,,,,0.1,,,,
,6,,,,-67.4,,,,,,17.6,,,,0,,,,
,7,,,,-67.4,,,,,,17.6,,,,0,,,,
,8,,,,-67.5,,,,,,17.6,,,,-0.1,,,,
,9,,,,-67.5,,,,,,17.6,,,,0,,,,
,10,,,,-67.5,,,,,,17.6,,,,0,,,,
Titration (EP) [1],,,,,,,"Scope 1/1, Sample 12/12",,,,,,,,,,,,
Measured Values,,,,"Scope 1/1, Sample 12/12",,,,,,,,,,,,,,,
,Time,,V,,,,,Meas. value,,,dV,,Temp.,,dE,,,,EP
,[s],,[mL],,,,,[mV],,,[mL],,[°C],,[mV],,,,
,0,,0,,,,,-67.5,,,,,17.6,,,,,,
,1,,0.001,,,,,-67.5,,,0.001,,17.6,,0,,,,
,2,,0.005,,,,,-67.5,,,0.004,,17.6,,0,,,,
,3,,0.011,,,,,-67.2,,,0.006,,17.6,,0.3,,,,
,4,,0.0195,,,,,-66.6,,,0.0085,,17.6,,0.6,,,,
,5,,0.0335,,,,,-65.3,,,0.014,,17.6,,1.3,,,,
,6,,0.054,,,,,-63.1,,,0.0205,,17.6,,2.2,,,,
,7,,0.0775,,,,,-59.9,,,0.0235,,17.6,,3.2,,,,
,8,,0.1105,,,,,-54.5,,,0.033,,17.6,,5.4,,,,
,9,,0.151,,,,,-46.6,,,0.0405,,17.6,,7.9,,,,
,10,,0.2005,,,,,-36.1,,,0.0495,,17.6,,10.5,,,,
,11,,0.262,,,,,-21.1,,,0.0615,,17.6,,15,,,,
,12,,0.335,,,,,-3.9,,,0.073,,17.6,,17.2,,,,
,13,,0.411,,,,,11.7,,,0.076,,17.6,,15.6,,,,
,14,,0.508,,,,,26.5,,,0.097,,17.6,,14.8,,,,
,15,,0.618,,,,,45.1,,,0.11,,17.6,,18.6,,,,
,16,,0.741,,,,,63.4,,,0.123,,17.6,,18.3,,,,
,17,,0.8775,,,,,82.7,,,0.1365,,17.6,,19.3,,,,
,18,,0.993,,,,,107.9,,,0.1155,,17.6,,25.2,,,,
,19,,0.9945,,,,,109,,,0.0015,,17.6,,1.1,,,,
,20,,0.9975,,,,,101.8,,,0.003,,17.6,,-7.2,,,,
,21,,1.0015,,,,,99.5,,,0.004,,17.6,,-2.3,,,,
,22,,1.008,,,,,100.4,,,0.0065,,17.6,,0.9,,,,
,23,,1.018,,,,,103.3,,,0.01,,17.6,,2.9,,,,
,24,,1.0315,,,,,108.2,,,0.0135,,17.6,,4.9,,,,
,25,,1.0465,,,,,112.7,,,0.015,,17.6,,4.5,,,,
,26,,1.066,,,,,118.9,,,0.0195,,17.7,,6.2,,,,
,27,,1.088,,,,,127.6,,,0.022,,17.6,,8.7,,,,
,28,,1.108,,,,,135.2,,,0.02,,17.7,,7.6,,,,
,29,,1.123,,,,,141.3,,,0.015,,17.7,,6.1,,,,
,30,,1.1385,,,,,146.8,,,0.0155,,17.7,,5.5,,,,
,31,,1.152,,,,,152.4,,,0.0135,,17.7,,5.6,,,,
,32,,1.165,,,,,158.5,,,0.013,,17.7,,6.1,,,,
,33,,1.173,,,,,162.1,,,0.008,,17.7,,3.6,,,,
,34,,1.1805,,,,,164.7,,,0.0075,,17.7,,2.6,,,,
,35,,1.1895,,,,,167.1,,,0.009,,17.7,,2.4,,,,
,36,,1.1985,,,,,169.5,,,0.009,,17.7,,2.4,,,,
,37,,1.21,,,,,172.4,,,0.0115,,17.7,,2.9,,,,
,38,,1.2205,,,,,175.4,,,0.0105,,17.7,,3,,,,
,39,,1.2285,,,,,177.7,,,0.008,,17.7,,2.3,,,,
,40,,1.236,,,,,179.6,,,0.0075,,17.7,,1.9,,,,
,41,,1.2435,,,,,181.2,,,0.0075,,17.7,,1.6,,,,
,42,,1.25,,,,,182.8,,,0.0065,,17.7,,1.6,,,,
,43,,1.258,,,,,184.3,,,0.008,,17.7,,1.5,,,,
,44,,1.265,,,,,185.7,,,0.007,,17.7,,1.4,,,,
,45,,1.2705,,,,,186.8,,,0.0055,,17.7,,1.1,,,,
,46,,1.2765,,,,,187.9,,,0.006,,17.7,,1.1,,,,
,47,,1.281,,,,,188.7,,,0.0045,,17.7,,0.8,,,,
,48,,1.2855,,,,,189.4,,,0.0045,,17.7,,0.7,,,,
,49,,1.2905,,,,,190.1,,,0.005,,17.7,,0.7,,,,
,50,,1.295,,,,,190.9,,,0.0045,,17.7,,0.8,,,,
,51,,1.298,,,,,191.5,,,0.003,,17.7,,0.6,,,,
,52,,1.3005,,,,,192,,,0.0025,,17.7,,0.5,,,,
,53,,1.303,,,,,192.5,,,0.0025,,17.7,,0.5,,,,
,54,,1.306,,,,,192.9,,,0.003,,17.7,,0.4,,,,
,55,,1.308,,,,,193.3,,,0.002,,17.7,,0.4,,,,
,56,,1.3105,,,,,193.7,,,0.0025,,17.7,,0.4,,,,
,57,,1.313,,,,,194.1,,,0.0025,,17.7,,0.4,,,,
,58,,1.3155,,,,,194.4,,,0.0025,,17.7,,0.3,,,,
,59,,1.3175,,,,,194.6,,,0.002,,17.7,,0.2,,,,
,60,,1.318,,,,,194.8,,,0.0005,,17.7,,0.2,,,,
,61,,1.3195,,,,,194.9,,,0.0015,,17.7,,0.1,,,,
,62,,1.322,,,,,195.1,,,0.0025,,17.7,,0.2,,,,
,63,,1.3235,,,,,195.4,,,0.0015,,17.7,,0.3,,,,
,64,,1.325,,,,,195.6,,,0.0015,,17.7,,0.2,,,,
,65,,1.326,,,,,195.8,,,0.001,,17.7,,0.2,,,,
,66,,1.3285,,,,,195.9,,,0.0025,,17.7,,0.1,,,,
,,,1.329,,,,,196,,,,,,,,,,,EP
,67,,1.33,,,,,196.2,,,0.0015,,17.7,,0.3,,,,
,68,,1.33,,,,,196.4,,,0,,17.7,,0.2,,,,
,69,,1.33,,,,,196.4,,,0,,17.7,,0,,,,
,69,,1.33,,,,,196.5,,,0,,17.7,,0.1,,,,
Titration (EQP) [2],,,,,,,"Scope 1/1, Sample 12/12",,,,,,,,,,,,
Measured Values,,,,"Scope 1/1, Sample 12/12",,,,,,,,,,,,,,,
,Time,,V,,,,,Meas. value,,dV,,,Temp.,,,,dE,,
,[s],,[mL],,,,,[mV],,[mL],,,[°C],,,,[mV],,
,0,,0,,,,,197,,,,,17.9,,,,,,
,3,,0.02,,,,,198.7,,0.02,,,17.9,,,,1.7,,
,6,,0.04,,,,,200.6,,0.02,,,17.9,,,,1.9,,
,9,,0.06,,,,,202.6,,0.02,,,17.9,,,,2,,
,12,,0.08,,,,,204.4,,0.02,,,17.9,,,,1.8,,
,15,,0.1,,,,,206.2,,0.02,,,17.9,,,,1.8,,
,18,,0.12,,,,,207.7,,0.02,,,17.9,,,,1.5,,
,21,,0.14,,,,,209.2,,0.02,,,17.9,,,,1.5,,
,24,,0.16,,,,,210.5,,0.02,,,17.9,,,,1.3,,
,27,,0.18,,,,,211.8,,0.02,,,17.9,,,,1.3,,
,30,,0.2,,,,,213,,0.02,,,17.9,,,,1.2,,
,33,,0.22,,,,,214.2,,0.02,,,17.9,,,,1.2,,
,36,,0.24,,,,,215.4,,0.02,,,17.9,,,,1.2,,
,39,,0.26,,,,,216.5,,0.02,,,17.9,,,,1.1,,
,42,,0.28,,,,,217.6,,0.02,,,17.9,,,,1.1,,
,45,,0.3,,,,,218.6,,0.02,,,17.9,,,,1,,
,48,,0.32,,,,,219.6,,0.02,,,17.9,,,,1,,
,51,,0.34,,,,,220.5,,0.02,,,17.9,,,,0.9,,
,54,,0.36,,,,,221.3,,0.02,,,17.9,,,,0.8,,
,57,,0.38,,,,,222.1,,0.02,,,17.9,,,,0.8,,
,60,,0.4,,,,,223,,0.02,,,17.9,,,,0.9,,
,63,,0.42,,,,,223.8,,0.02,,,17.9,,,,0.8,,
,66,,0.44,,,,,224.5,,0.02,,,17.9,,,,0.7,,
,70,,0.46,,,,,225.3,,0.02,,,17.9,,,,0.8,,
,72,,0.48,,,,,226.1,,0.02,,,17.9,,,,0.8,,
,76,,0.5,,,,,226.8,,0.02,,,18,,,,0.7,,
,79,,0.52,,,,,227.5,,0.02,,,18,,,,0.7,,
,82,,0.54,,,,,228.3,,0.02,,,18,,,,0.8,,
,85,,0.56,,,,,228.8,,0.02,,,18,,,,0.5,,
,88,,0.58,,,,,229.4,,0.02,,,18,,,,0.6,,
,91,,0.6,,,,,230,,0.02,,,18,,,,0.6,,
,94,,0.62,,,,,230.7,,0.02,,,18,,,,0.7,,
,97,,0.64,,,,,231.3,,0.02,,,18,,,,0.6,,
,100,,0.66,,,,,231.8,,0.02,,,18,,,,0.5,,
,103,,0.68,,,,,232.5,,0.02,,,18,,,,0.7,,
,106,,0.7,,,,,233,,0.02,,,18,,,,0.5,,
,109,,0.72,,,,,233.6,,0.02,,,18,,,,0.6,,
,112,,0.74,,,,,234,,0.02,,,18,,,,0.4,,
,115,,0.76,,,,,234.6,,0.02,,,18,,,,0.6,,
,118,,0.78,,,,,235,,0.02,,,18,,,,0.4,,
,121,,0.8,,,,,235.5,,0.02,,,18,,,,0.5,,
,124,,0.82,,,,,236,,0.02,,,18,,,,0.5,,
,127,,0.84,,,,,236.6,,0.02,,,18,,,,0.6,,
,130,,0.86,,,,,237,,0.02,,,18,,,,0.4,,
,133,,0.88,,,,,237.4,,0.02,,,18,,,,0.4,,
,136,,0.9,,,,,238,,0.02,,,18,,,,0.6,,
,139,,0.92,,,,,238.4,,0.02,,,18,,,,0.4,,
,142,,0.94,,,,,238.8,,0.02,,,18,,,,0.4,,
,145,,0.96,,,,,239.2,,0.02,,,18,,,,0.4,,
,148,,0.98,,,,,239.6,,0.02,,,18,,,,0.4,,
,151,,1,,,,,240,,0.02,,,18,,,,0.4,,
,154,,1.02,,,,,240.5,,0.02,,,18,,,,0.5,,
,157,,1.04,,,,,240.8,,0.02,,,18,,,,0.3,,
,160,,1.06,,,,,241.2,,0.02,,,18,,,,0.4,,
,163,,1.08,,,,,241.7,,0.02,,,18,,,,0.5,,
,166,,1.1,,,,,242,,0.02,,,18,,,,0.3,,
,169,,1.12,,,,,242.4,,0.02,,,18,,,,0.4,,
,172,,1.14,,,,,242.8,,0.02,,,18,,,,0.4,,
,175,,1.16,,,,,243.2,,0.02,,,18,,,,0.4,,
,178,,1.18,,,,,243.5,,0.02,,,18,,,,0.3,,
,181,,1.2,,,,,243.8,,0.02,,,18,,,,0.3,,
,184,,1.22,,,,,244.2,,0.02,,,18,,,,0.4,,
,187,,1.24,,,,,244.6,,0.02,,,18,,,,0.4,,
,190,,1.26,,,,,244.9,,0.02,,,18,,,,0.3,,
,193,,1.28,,,,,245.2,,0.02,,,18,,,,0.3,,
,196,,1.3,,,,,245.6,,0.02,,,18,,,,0.4,,
,199,,1.32,,,,,245.9,,0.02,,,18,,,,0.3,,
,202,,1.34,,,,,246.2,,0.02,,,18,,,,0.3,,
,205,,1.36,,,,,246.5,,0.02,,,18,,,,0.3,,
,208,,1.38,,,,,246.8,,0.02,,,18,,,,0.3,,
,211,,1.4,,,,,247.1,,0.02,,,18,,,,0.3,,
,214,,1.42,,,,,247.4,,0.02,,,18,,,,0.3,,
,217,,1.44,,,,,247.7,,0.02,,,18,,,,0.3,,
,220,,1.46,,,,,248.1,,0.02,,,18,,,,0.4,,
11/10/2020 16:00,,,,SystemInternal,,,,,,,,,,,,1-Jan,,,
