Titration Data Only,,,,,,,,,,,,,,,,,,
Measure (normal) [1],,,,,,,"Scope 1/1, Sample 1/10",,,,,,,,,,,
Measured Values,,,,"Scope 1/1, Sample 1/10",,,,,,,,,,,,,,
,Time,,,,Meas. value,,,,,,Temp.,,,,dE,,,
,[s],,,,[mV],,,,,,[°C],,,,[mV],,,
,1,,,,-38.8,,,,,,18.7,,,,,,,
,2,,,,-38.9,,,,,,18.7,,,,-0.1,,,
,3,,,,-38.9,,,,,,18.7,,,,0.0,,,
,4,,,,-39.0,,,,,,18.7,,,,-0.1,,,
,5,,,,-39.0,,,,,,18.7,,,,0.0,,,
,6,,,,-39.1,,,,,,18.7,,,,-0.1,,,
,7,,,,-39.1,,,,,,18.7,,,,0.0,,,
,8,,,,-39.2,,,,,,18.7,,,,-0.1,,,
,9,,,,-39.2,,,,,,18.7,,,,0.0,,,
,10,,,,-39.3,,,,,,18.7,,,,-0.1,,,
,11,,,,-39.3,,,,,,18.7,,,,0.0,,,
,12,,,,-39.4,,,,,,18.7,,,,-0.1,,,
,13,,,,-39.4,,,,,,18.7,,,,0.0,,,
,14,,,,-39.5,,,,,,18.7,,,,-0.1,,,
,15,,,,-39.5,,,,,,18.7,,,,0.0,,,
,16,,,,-39.6,,,,,,18.7,,,,-0.1,,,
,17,,,,-39.6,,,,,,18.7,,,,0.0,,,
,18,,,,-39.7,,,,,,18.7,,,,-0.1,,,
,19,,,,-39.7,,,,,,18.7,,,,0.0,,,
,20,,,,-39.8,,,,,,18.7,,,,-0.1,,,
,21,,,,-39.8,,,,,,18.7,,,,0.0,,,
,22,,,,-39.9,,,,,,18.7,,,,-0.1,,,
,23,,,,-39.9,,,,,,18.7,,,,0.0,,,
,24,,,,-40.0,,,,,,18.7,,,,-0.1,,,
,25,,,,-40.0,,,,,,18.7,,,,0.0,,,
,26,,,,-40.1,,,,,,18.7,,,,-0.1,,,
,27,,,,-40.1,,,,,,18.7,,,,0.0,,,
,28,,,,-40.2,,,,,,18.7,,,,-0.1,,,
,29,,,,-40.2,,,,,,18.7,,,,0.0,,,
,30,,,,-40.3,,,,,,18.7,,,,-0.1,,,
Titration (EP) [1],,,,,,,"Scope 1/1, Sample 1/10",,,,,,,,,,,
Measured Values,,,,"Scope 1/1, Sample 1/10",,,,,,,,,,,,,,
,Time,V,,,,Meas. value,,,dV,,,Temp.,,dE,,,,EP
,[s],[mL],,,,[mV],,,[mL],,,[°C],,[mV],,,,
,0,0.0000,,,,-40.6,,,,,,18.7,,,,,,
,1,0.0010,,,,-41.0,,,0.0010,,,18.7,,-0.4,,,,
,2,0.0050,,,,-41.1,,,0.0040,,,18.7,,-0.1,,,,
,3,0.0110,,,,-41.1,,,0.0060,,,18.7,,0.0,,,,
,4,0.0195,,,,-41.2,,,0.0085,,,18.7,,-0.1,,,,
,5,0.0335,,,,-41.2,,,0.0140,,,18.7,,0.0,,,,
,6,0.0535,,,,-41.3,,,0.0200,,,18.7,,-0.1,,,,
,7,0.0775,,,,-41.3,,,0.0240,,,18.7,,0.0,,,,
,8,0.1115,,,,-41.3,,,0.0340,,,18.7,,0.0,,,,
,9,0.1530,,,,-41.4,,,0.0415,,,18.7,,-0.1,,,,
,10,0.2045,,,,-41.5,,,0.0515,,,18.7,,-0.1,,,,
,11,0.2670,,,,-41.5,,,0.0625,,,18.7,,0.0,,,,
,12,0.3415,,,,-41.6,,,0.0745,,,18.7,,-0.1,,,,
,13,0.4185,,,,-38.8,,,0.0770,,,18.7,,2.8,,,,
,14,0.5170,,,,-19.5,,,0.0985,,,18.7,,19.3,,,,
,15,0.6290,,,,15.4,,,0.1120,,,18.7,,34.9,,,,
,16,0.7540,,,,47.1,,,0.1250,,,18.7,,31.7,,,,
,17,0.8915,,,,72.7,,,0.1375,,,18.7,,25.6,,,,
,18,1.0055,,,,95.4,,,0.1140,,,18.7,,22.7,,,,
,19,1.0090,,,,98.1,,,0.0035,,,18.8,,2.7,,,,
,20,1.0120,,,,90.7,,,0.0030,,,18.8,,-7.4,,,,
,21,1.0160,,,,85.1,,,0.0040,,,18.8,,-5.6,,,,
,22,1.0220,,,,82.8,,,0.0060,,,18.8,,-2.3,,,,
,23,1.0305,,,,83.2,,,0.0085,,,18.8,,0.4,,,,
,24,1.0425,,,,85.0,,,0.0120,,,18.8,,1.8,,,,
,25,1.0600,,,,89.4,,,0.0175,,,18.8,,4.4,,,,
,26,1.0825,,,,94.5,,,0.0225,,,18.8,,5.1,,,,
,27,1.1080,,,,99.5,,,0.0255,,,18.8,,5.0,,,,
,28,1.1365,,,,105.0,,,0.0285,,,18.8,,5.5,,,,
,29,1.1670,,,,111.2,,,0.0305,,,18.8,,6.2,,,,
,30,1.1965,,,,116.3,,,0.0295,,,18.8,,5.1,,,,
,31,1.2300,,,,124.4,,,0.0335,,,18.8,,8.1,,,,
,32,1.2535,,,,131.0,,,0.0235,,,18.8,,6.6,,,,
,33,1.2675,,,,134.3,,,0.0140,,,18.8,,3.3,,,,
,34,1.2835,,,,137.4,,,0.0160,,,18.8,,3.1,,,,
,35,1.3025,,,,142.4,,,0.0190,,,18.8,,5.0,,,,
,36,1.3180,,,,148.1,,,0.0155,,,18.8,,5.7,,,,
,37,1.3250,,,,152.0,,,0.0070,,,18.8,,3.9,,,,
,38,1.3300,,,,154.3,,,0.0050,,,18.8,,2.3,,,,
,39,1.3360,,,,156.0,,,0.0060,,,18.8,,1.7,,,,
,40,1.3445,,,,158.2,,,0.0085,,,18.8,,2.2,,,,
,41,1.3540,,,,160.9,,,0.0095,,,18.8,,2.7,,,,
,42,1.3625,,,,163.5,,,0.0085,,,18.8,,2.6,,,,
,43,1.3700,,,,166.2,,,0.0075,,,18.8,,2.7,,,,
,44,1.3745,,,,167.8,,,0.0045,,,18.8,,1.6,,,,
,45,1.3785,,,,168.9,,,0.0040,,,18.8,,1.1,,,,
,46,1.3840,,,,170.0,,,0.0055,,,18.8,,1.1,,,,
,47,1.3910,,,,171.4,,,0.0070,,,18.8,,1.4,,,,
,48,1.3970,,,,172.9,,,0.0060,,,18.8,,1.5,,,,
,49,1.4005,,,,174.1,,,0.0035,,,18.8,,1.2,,,,
,50,1.4035,,,,174.9,,,0.0030,,,18.8,,0.8,,,,
,51,1.4065,,,,175.5,,,0.0030,,,18.8,,0.6,,,,
,52,1.4105,,,,176.3,,,0.0040,,,18.8,,0.8,,,,
,53,1.4150,,,,177.1,,,0.0045,,,18.8,,0.8,,,,
,54,1.4180,,,,177.9,,,0.0030,,,18.8,,0.8,,,,
,55,1.4205,,,,178.5,,,0.0025,,,18.8,,0.6,,,,
,56,1.4230,,,,179.0,,,0.0025,,,18.8,,0.5,,,,
,57,1.4255,,,,179.4,,,0.0025,,,18.8,,0.4,,,,
,58,1.4280,,,,180.0,,,0.0025,,,18.8,,0.6,,,,
,59,1.4305,,,,180.3,,,0.0025,,,18.8,,0.3,,,,
,60,1.4325,,,,180.8,,,0.0020,,,18.8,,0.5,,,,
,61,1.4350,,,,181.2,,,0.0025,,,18.8,,0.4,,,,
,62,1.4360,,,,181.5,,,0.0010,,,18.8,,0.3,,,,
,63,1.4375,,,,181.7,,,0.0015,,,18.8,,0.2,,,,
,64,1.4400,,,,182.0,,,0.0025,,,18.8,,0.3,,,,
,65,1.4405,,,,182.3,,,0.0005,,,18.8,,0.3,,,,
,66,1.4420,,,,182.3,,,0.0015,,,18.8,,0.0,,,,
,67,1.4450,,,,182.6,,,0.0030,,,18.8,,0.3,,,,
,68,1.4455,,,,183.0,,,0.0005,,,18.8,,0.4,,,,
,,1.4455,,,,183.0,,,,,,,,,,,,EP
,69,1.4460,,,,183.0,,,0.0005,,,18.8,,0.0,,,,
,70,1.4460,,,,183.0,,,0.0000,,,18.8,,0.0,,,,
,71,1.4465,,,,183.0,,,0.0005,,,18.8,,0.0,,,,
,72,1.4465,,,,183.0,,,0.0000,,,18.8,,0.0,,,,
,73,1.4475,,,,183.0,,,0.0010,,,18.8,,0.0,,,,
,74,1.4480,,,,183.1,,,0.0005,,,18.8,,0.1,,,,
,75,1.4480,,,,183.1,,,0.0000,,,18.8,,0.0,,,,
,76,1.4480,,,,183.1,,,0.0000,,,18.8,,0.0,,,,
,76,1.4480,,,,183.0,,,0.0000,,,18.8,,-0.1,,,,
Titration (EQP) [2],,,,,,,"Scope 1/1, Sample 1/10",,,,,,,,,,,
Measured Values,,,,"Scope 1/1, Sample 1/10",,,,,,,,,,,,,,
,Time,,V,,,,,Meas. value,,dV,,,Temp.,,,,dE,
,[s],,[mL],,,,,[mV],,[mL],,,[°C],,,,[mV],
,0,,0.0000,,,,,157.9,,,,,19.2,,,,,
,3,,0.0200,,,,,163.8,,0.0200,,,19.2,,,,5.9,
,6,,0.0400,,,,,169.6,,0.0200,,,19.2,,,,5.8,
,9,,0.0600,,,,,175.1,,0.0200,,,19.2,,,,5.5,
,12,,0.0800,,,,,179.7,,0.0200,,,19.2,,,,4.6,
,15,,0.1000,,,,,184.0,,0.0200,,,19.2,,,,4.3,
,18,,0.1200,,,,,187.5,,0.0200,,,19.2,,,,3.5,
,21,,0.1400,,,,,190.8,,0.0200,,,19.2,,,,3.3,
,24,,0.1600,,,,,193.5,,0.0200,,,19.2,,,,2.7,
,27,,0.1800,,,,,195.9,,0.0200,,,19.2,,,,2.4,
,30,,0.2000,,,,,198.1,,0.0200,,,19.2,,,,2.2,
,33,,0.2200,,,,,200.3,,0.0200,,,19.2,,,,2.2,
,36,,0.2400,,,,,202.3,,0.0200,,,19.2,,,,2.0,
,39,,0.2600,,,,,204.1,,0.0200,,,19.2,,,,1.8,
,42,,0.2800,,,,,206.0,,0.0200,,,19.2,,,,1.9,
,45,,0.3000,,,,,207.6,,0.0200,,,19.2,,,,1.6,
,48,,0.3200,,,,,209.2,,0.0200,,,19.2,,,,1.6,
,51,,0.3400,,,,,210.6,,0.0200,,,19.2,,,,1.4,
,54,,0.3600,,,,,212.0,,0.0200,,,19.2,,,,1.4,
,58,,0.3800,,,,,213.2,,0.0200,,,19.2,,,,1.2,
,60,,0.4000,,,,,214.3,,0.0200,,,19.2,,,,1.1,
,64,,0.4200,,,,,215.5,,0.0200,,,19.2,,,,1.2,
,66,,0.4400,,,,,216.6,,0.0200,,,19.2,,,,1.1,
,70,,0.4600,,,,,217.7,,0.0200,,,19.2,,,,1.1,
,72,,0.4800,,,,,218.8,,0.0200,,,19.2,,,,1.1,
,76,,0.5000,,,,,219.8,,0.0200,,,19.2,,,,1.0,
,78,,0.5200,,,,,220.8,,0.0200,,,19.2,,,,1.0,
,82,,0.5400,,,,,221.7,,0.0200,,,19.2,,,,0.9,
,85,,0.5600,,,,,222.6,,0.0200,,,19.2,,,,0.9,
,88,,0.5800,,,,,223.4,,0.0200,,,19.2,,,,0.8,
,91,,0.6000,,,,,224.2,,0.0200,,,19.2,,,,0.8,
,94,,0.6200,,,,,225.0,,0.0200,,,19.2,,,,0.8,
,97,,0.6400,,,,,225.7,,0.0200,,,19.2,,,,0.7,
,100,,0.6600,,,,,226.5,,0.0200,,,19.2,,,,0.8,
,103,,0.6800,,,,,227.3,,0.0200,,,19.2,,,,0.8,
,106,,0.7000,,,,,228.0,,0.0200,,,19.3,,,,0.7,
,109,,0.7200,,,,,228.7,,0.0200,,,19.3,,,,0.7,
,112,,0.7400,,,,,229.4,,0.0200,,,19.3,,,,0.7,
,115,,0.7600,,,,,230.0,,0.0200,,,19.3,,,,0.6,
,118,,0.7800,,,,,230.6,,0.0200,,,19.3,,,,0.6,
,121,,0.8000,,,,,231.2,,0.0200,,,19.3,,,,0.6,
,124,,0.8200,,,,,231.8,,0.0200,,,19.3,,,,0.6,
,127,,0.8400,,,,,232.4,,0.0200,,,19.3,,,,0.6,
,130,,0.8600,,,,,233.0,,0.0200,,,19.3,,,,0.6,
,133,,0.8800,,,,,233.6,,0.0200,,,19.3,,,,0.6,
,136,,0.9000,,,,,234.2,,0.0200,,,19.3,,,,0.6,
,139,,0.9200,,,,,234.7,,0.0200,,,19.3,,,,0.5,
,142,,0.9400,,,,,235.3,,0.0200,,,19.3,,,,0.6,
,145,,0.9600,,,,,235.7,,0.0200,,,19.3,,,,0.4,
,148,,0.9800,,,,,236.3,,0.0200,,,19.3,,,,0.6,
Measure (normal) [1],,,,,,,"Scope 1/1, Sample 2/10",,,,,,,,,,,
Measured Values,,,,"Scope 1/1, Sample 2/10",,,,,,,,,,,,,,
,Time,,,,Meas. value,,,,,,Temp.,,,,dE,,,
,[s],,,,[mV],,,,,,[°C],,,,[mV],,,
,1,,,,-58.2,,,,,,19.3,,,,,,,
,2,,,,-58.2,,,,,,19.3,,,,0.0,,,
,3,,,,-58.2,,,,,,19.3,,,,0.0,,,
,4,,,,-58.3,,,,,,19.3,,,,-0.1,,,
,5,,,,-58.3,,,,,,19.3,,,,0.0,,,
,6,,,,-58.3,,,,,,19.3,,,,0.0,,,
,7,,,,-58.3,,,,,,19.3,,,,0.0,,,
,8,,,,-58.3,,,,,,19.3,,,,0.0,,,
,9,,,,-58.3,,,,,,19.3,,,,0.0,,,
Titration (EP) [1],,,,,,,"Scope 1/1, Sample 2/10",,,,,,,,,,,
Measured Values,,,,"Scope 1/1, Sample 2/10",,,,,,,,,,,,,,
,Time,V,,,,Meas. value,,,dV,,,Temp.,,dE,,,,EP
,[s],[mL],,,,[mV],,,[mL],,,[°C],,[mV],,,,
,0,0.0000,,,,-58.4,,,,,,19.3,,,,,,
,1,0.0010,,,,-58.4,,,0.0010,,,19.3,,0.0,,,,
,2,0.0050,,,,-58.3,,,0.0040,,,19.3,,0.1,,,,
,3,0.0110,,,,-58.0,,,0.0060,,,19.3,,0.3,,,,
,4,0.0195,,,,-57.2,,,0.0085,,,19.3,,0.8,,,,
,5,0.0335,,,,-55.4,,,0.0140,,,19.3,,1.8,,,,
,6,0.0540,,,,-52.4,,,0.0205,,,19.3,,3.0,,,,
,7,0.0780,,,,-48.1,,,0.0240,,,19.3,,4.3,,,,
,8,0.1115,,,,-40.1,,,0.0335,,,19.3,,8.0,,,,
,9,0.1530,,,,-29.7,,,0.0415,,,19.3,,10.4,,,,
,10,0.2035,,,,-17.2,,,0.0505,,,19.3,,12.5,,,,
,11,0.2650,,,,-2.0,,,0.0615,,,19.3,,15.2,,,,
,12,0.3375,,,,14.5,,,0.0725,,,19.3,,16.5,,,,
,13,0.4135,,,,29.0,,,0.0760,,,19.3,,14.5,,,,
,14,0.5110,,,,44.1,,,0.0975,,,19.3,,15.1,,,,
,15,0.6210,,,,62.7,,,0.1100,,,19.3,,18.6,,,,
,16,0.7445,,,,80.1,,,0.1235,,,19.3,,17.4,,,,
,17,0.8195,,,,97.3,,,0.0750,,,19.3,,17.2,,,,
,18,0.8255,,,,93.2,,,0.0060,,,19.3,,-4.1,,,,
,19,0.8320,,,,88.0,,,0.0065,,,19.3,,-5.2,,,,
,20,0.8415,,,,86.8,,,0.0095,,,19.3,,-1.2,,,,
,21,0.8555,,,,87.9,,,0.0140,,,19.3,,1.1,,,,
,22,0.8760,,,,92.9,,,0.0205,,,19.3,,5.0,,,,
,23,0.9000,,,,98.3,,,0.0240,,,19.3,,5.4,,,,
,24,0.9270,,,,103.3,,,0.0270,,,19.3,,5.0,,,,
,25,0.9525,,,,111.3,,,0.0255,,,19.3,,8.0,,,,
,26,0.9825,,,,117.1,,,0.0300,,,19.3,,5.8,,,,
,27,1.0130,,,,125.4,,,0.0305,,,19.3,,8.3,,,,
,28,1.0330,,,,132.2,,,0.0200,,,19.3,,6.8,,,,
,29,1.0440,,,,134.2,,,0.0110,,,19.3,,2.0,,,,
,30,1.0560,,,,137.6,,,0.0120,,,19.3,,3.4,,,,
,31,1.0715,,,,143.8,,,0.0155,,,19.3,,6.2,,,,
,32,1.0815,,,,150.3,,,0.0100,,,19.3,,6.5,,,,
,33,1.0845,,,,153.0,,,0.0030,,,19.3,,2.7,,,,
,34,1.0875,,,,154.6,,,0.0030,,,19.3,,1.6,,,,
,35,1.0915,,,,156.2,,,0.0040,,,19.3,,1.6,,,,
,36,1.0970,,,,158.1,,,0.0055,,,19.3,,1.9,,,,
,37,1.1045,,,,161.2,,,0.0075,,,19.3,,3.1,,,,
,38,1.1110,,,,163.7,,,0.0065,,,19.3,,2.5,,,,
,39,1.1165,,,,166.2,,,0.0055,,,19.3,,2.5,,,,
,40,1.1200,,,,168.1,,,0.0035,,,19.3,,1.9,,,,
,41,1.1230,,,,169.4,,,0.0030,,,19.3,,1.3,,,,
,42,1.1265,,,,170.6,,,0.0035,,,19.3,,1.2,,,,
,43,1.1310,,,,171.8,,,0.0045,,,19.3,,1.2,,,,
,44,1.1355,,,,173.2,,,0.0045,,,19.3,,1.4,,,,
,45,1.1390,,,,174.4,,,0.0035,,,19.3,,1.2,,,,
,46,1.1415,,,,175.5,,,0.0025,,,19.3,,1.1,,,,
,47,1.1445,,,,176.2,,,0.0030,,,19.3,,0.7,,,,
,48,1.1470,,,,176.8,,,0.0025,,,19.3,,0.6,,,,
,49,1.1495,,,,177.7,,,0.0025,,,19.3,,0.9,,,,
,50,1.1520,,,,178.4,,,0.0025,,,19.3,,0.7,,,,
,51,1.1545,,,,179.0,,,0.0025,,,19.3,,0.6,,,,
,52,1.1570,,,,179.6,,,0.0025,,,19.3,,0.6,,,,
,53,1.1595,,,,180.2,,,0.0025,,,19.3,,0.6,,,,
,54,1.1615,,,,180.7,,,0.0020,,,19.3,,0.5,,,,
,55,1.1620,,,,181.1,,,0.0005,,,19.3,,0.4,,,,
,56,1.1630,,,,181.3,,,0.0010,,,19.3,,0.2,,,,
,57,1.1665,,,,181.6,,,0.0035,,,19.3,,0.3,,,,
,58,1.1675,,,,182.2,,,0.0010,,,19.3,,0.6,,,,
,59,1.1675,,,,182.3,,,0.0000,,,19.3,,0.1,,,,
,60,1.1695,,,,182.5,,,0.0020,,,19.3,,0.2,,,,
,61,1.1715,,,,182.8,,,0.0020,,,19.3,,0.3,,,,
,62,1.1715,,,,183.1,,,0.0000,,,19.3,,0.3,,,,
,63,1.1715,,,,183.2,,,0.0000,,,19.3,,0.1,,,,
,64,1.1715,,,,183.3,,,0.0000,,,19.3,,0.1,,,,
,65,1.1715,,,,183.3,,,0.0000,,,19.3,,0.0,,,,
,,1.1715,,,,183.0,,,,,,,,,,,,EP
Titration (EQP) [2],,,,,,,"Scope 1/1, Sample 2/10",,,,,,,,,,,
Measured Values,,,,"Scope 1/1, Sample 2/10",,,,,,,,,,,,,,
,Time,,V,,,,,Meas. value,,dV,,,Temp.,,,,dE,
,[s],,[mL],,,,,[mV],,[mL],,,[°C],,,,[mV],
,0,,0.0000,,,,,183.2,,,,,19.7,,,,,
,3,,0.0200,,,,,186.5,,0.0200,,,19.7,,,,3.3,
,6,,0.0400,,,,,190.1,,0.0200,,,19.7,,,,3.6,
,9,,0.0600,,,,,193.3,,0.0200,,,19.7,,,,3.2,
,12,,0.0800,,,,,196.2,,0.0200,,,19.7,,,,2.9,
,15,,0.1000,,,,,198.9,,0.0200,,,19.7,,,,2.7,
,18,,0.1200,,,,,201.3,,0.0200,,,19.7,,,,2.4,
,21,,0.1400,,,,,203.5,,0.0200,,,19.7,,,,2.2,
,24,,0.1600,,,,,205.4,,0.0200,,,19.7,,,,1.9,
,27,,0.1800,,,,,207.1,,0.0200,,,19.7,,,,1.7,
,30,,0.2000,,,,,208.8,,0.0200,,,19.7,,,,1.7,
,33,,0.2200,,,,,210.4,,0.0200,,,19.7,,,,1.6,
,36,,0.2400,,,,,211.9,,0.0200,,,19.7,,,,1.5,
,39,,0.2600,,,,,213.4,,0.0200,,,19.7,,,,1.5,
,42,,0.2800,,,,,214.8,,0.0200,,,19.7,,,,1.4,
,45,,0.3000,,,,,216.1,,0.0200,,,19.7,,,,1.3,
,48,,0.3200,,,,,217.4,,0.0200,,,19.7,,,,1.3,
,51,,0.3400,,,,,218.5,,0.0200,,,19.7,,,,1.1,
,54,,0.3600,,,,,219.6,,0.0200,,,19.7,,,,1.1,
,57,,0.3800,,,,,220.6,,0.0200,,,19.7,,,,1.0,
,60,,0.4000,,,,,221.6,,0.0200,,,19.7,,,,1.0,
,63,,0.4200,,,,,222.6,,0.0200,,,19.7,,,,1.0,
,66,,0.4400,,,,,223.5,,0.0200,,,19.7,,,,0.9,
,70,,0.4600,,,,,224.4,,0.0200,,,19.7,,,,0.9,
,72,,0.4800,,,,,225.3,,0.0200,,,19.7,,,,0.9,
,76,,0.5000,,,,,226.2,,0.0200,,,19.7,,,,0.9,
,78,,0.5200,,,,,227.0,,0.0200,,,19.7,,,,0.8,
,82,,0.5400,,,,,227.8,,0.0200,,,19.7,,,,0.8,
,85,,0.5600,,,,,228.6,,0.0200,,,19.7,,,,0.8,
,88,,0.5800,,,,,229.3,,0.0200,,,19.7,,,,0.7,
,91,,0.6000,,,,,230.0,,0.0200,,,19.7,,,,0.7,
,94,,0.6200,,,,,230.7,,0.0200,,,19.7,,,,0.7,
,97,,0.6400,,,,,231.4,,0.0200,,,19.7,,,,0.7,
,100,,0.6600,,,,,232.1,,0.0200,,,19.7,,,,0.7,
,103,,0.6800,,,,,232.7,,0.0200,,,19.7,,,,0.6,
,106,,0.7000,,,,,233.4,,0.0200,,,19.7,,,,0.7,
,109,,0.7200,,,,,234.0,,0.0200,,,19.7,,,,0.6,
,112,,0.7400,,,,,234.6,,0.0200,,,19.7,,,,0.6,
,115,,0.7600,,,,,235.2,,0.0200,,,19.7,,,,0.6,
,118,,0.7800,,,,,235.8,,0.0200,,,19.7,,,,0.6,
,121,,0.8000,,,,,236.3,,0.0200,,,19.7,,,,0.5,
Measure (normal) [1],,,,,,,"Scope 1/1, Sample 3/10",,,,,,,,,,,
Measured Values,,,,"Scope 1/1, Sample 3/10",,,,,,,,,,,,,,
,Time,,,,Meas. value,,,,,,Temp.,,,,dE,,,
,[s],,,,[mV],,,,,,[°C],,,,[mV],,,
,1,,,,-40.9,,,,,,19.4,,,,,,,
,2,,,,-40.9,,,,,,19.4,,,,0.0,,,
,3,,,,-40.9,,,,,,19.4,,,,0.0,,,
,4,,,,-40.9,,,,,,19.4,,,,0.0,,,
,5,,,,-41.0,,,,,,19.4,,,,-0.1,,,
,6,,,,-41.0,,,,,,19.4,,,,0.0,,,
,7,,,,-41.0,,,,,,19.4,,,,0.0,,,
,8,,,,-41.0,,,,,,19.4,,,,0.0,,,
,9,,,,-41.0,,,,,,19.4,,,,0.0,,,
,10,,,,-41.0,,,,,,19.4,,,,0.0,,,
Titration (EP) [1],,,,,,,"Scope 1/1, Sample 3/10",,,,,,,,,,,
Measured Values,,,,"Scope 1/1, Sample 3/10",,,,,,,,,,,,,,
,Time,V,,,,Meas. value,,,dV,,,Temp.,,dE,,,,EP
,[s],[mL],,,,[mV],,,[mL],,,[°C],,[mV],,,,
,0,0.0000,,,,-41.1,,,,,,19.4,,,,,,
,1,0.0010,,,,-41.2,,,0.0010,,,19.4,,-0.1,,,,
,2,0.0050,,,,-41.1,,,0.0040,,,19.4,,0.1,,,,
,3,0.0110,,,,-40.8,,,0.0060,,,19.4,,0.3,,,,
,4,0.0195,,,,-39.8,,,0.0085,,,19.4,,1.0,,,,
,5,0.0335,,,,-37.5,,,0.0140,,,19.4,,2.3,,,,
,6,0.0540,,,,-33.5,,,0.0205,,,19.4,,4.0,,,,
,7,0.0780,,,,-27.5,,,0.0240,,,19.4,,6.0,,,,
,8,0.1115,,,,-18.7,,,0.0335,,,19.4,,8.8,,,,
,9,0.1530,,,,-8.2,,,0.0415,,,19.4,,10.5,,,,
,10,0.2040,,,,2.0,,,0.0510,,,19.4,,10.2,,,,
,11,0.2660,,,,14.5,,,0.0620,,,19.4,,12.5,,,,
,12,0.3400,,,,26.4,,,0.0740,,,19.4,,11.9,,,,
,13,0.4170,,,,37.4,,,0.0770,,,19.4,,11.0,,,,
,14,0.5160,,,,51.0,,,0.0990,,,19.4,,13.6,,,,
,15,0.6270,,,,65.5,,,0.1110,,,19.4,,14.5,,,,
,16,0.7510,,,,81.6,,,0.1240,,,19.4,,16.1,,,,
,17,0.8190,,,,94.4,,,0.0680,,,19.4,,12.8,,,,
,18,0.8315,,,,91.2,,,0.0125,,,19.4,,-3.2,,,,
,19,0.8455,,,,89.2,,,0.0140,,,19.4,,-2.0,,,,
,20,0.8655,,,,90.9,,,0.0200,,,19.4,,1.7,,,,
,21,0.8910,,,,95.5,,,0.0255,,,19.4,,4.6,,,,
,22,0.9205,,,,103.5,,,0.0295,,,19.4,,8.0,,,,
,23,0.9510,,,,108.6,,,0.0305,,,19.4,,5.1,,,,
,24,0.9835,,,,116.2,,,0.0325,,,19.4,,7.6,,,,
,25,1.0115,,,,122.8,,,0.0280,,,19.4,,6.6,,,,
,26,1.0360,,,,127.9,,,0.0245,,,19.4,,5.1,,,,
,27,1.0610,,,,134.7,,,0.0250,,,19.4,,6.8,,,,
,28,1.0780,,,,142.5,,,0.0170,,,19.4,,7.8,,,,
,29,1.0820,,,,145.0,,,0.0040,,,19.4,,2.5,,,,
,30,1.0865,,,,146.8,,,0.0045,,,19.4,,1.8,,,,
,31,1.0925,,,,148.6,,,0.0060,,,19.4,,1.8,,,,
,32,1.1010,,,,152.0,,,0.0085,,,19.4,,3.4,,,,
,33,1.1100,,,,156.3,,,0.0090,,,19.4,,4.3,,,,
,34,1.1160,,,,160.0,,,0.0060,,,19.4,,3.7,,,,
,35,1.1190,,,,162.2,,,0.0030,,,19.4,,2.2,,,,
,36,1.1220,,,,163.7,,,0.0030,,,19.4,,1.5,,,,
,37,1.1255,,,,164.9,,,0.0035,,,19.4,,1.2,,,,
,38,1.1310,,,,166.7,,,0.0055,,,19.4,,1.8,,,,
,39,1.1370,,,,168.8,,,0.0060,,,19.4,,2.1,,,,
,40,1.1410,,,,170.6,,,0.0040,,,19.4,,1.8,,,,
,41,1.1440,,,,171.9,,,0.0030,,,19.4,,1.3,,,,
,42,1.1470,,,,173.1,,,0.0030,,,19.4,,1.2,,,,
,43,1.1500,,,,173.9,,,0.0030,,,19.4,,0.8,,,,
,44,1.1535,,,,174.9,,,0.0035,,,19.4,,1.0,,,,
,45,1.1570,,,,175.8,,,0.0035,,,19.4,,0.9,,,,
,46,1.1600,,,,176.9,,,0.0030,,,19.4,,1.1,,,,
,47,1.1625,,,,177.6,,,0.0025,,,19.4,,0.7,,,,
,48,1.1650,,,,178.1,,,0.0025,,,19.4,,0.5,,,,
,49,1.1670,,,,178.7,,,0.0020,,,19.4,,0.6,,,,
,50,1.1695,,,,179.3,,,0.0025,,,19.4,,0.6,,,,
,51,1.1720,,,,179.9,,,0.0025,,,19.4,,0.6,,,,
,52,1.1740,,,,180.4,,,0.0020,,,19.4,,0.5,,,,
,53,1.1760,,,,181.0,,,0.0020,,,19.4,,0.6,,,,
,54,1.1760,,,,181.4,,,0.0000,,,19.4,,0.4,,,,
,55,1.1780,,,,181.6,,,0.0020,,,19.4,,0.2,,,,
,56,1.1800,,,,182.0,,,0.0020,,,19.4,,0.4,,,,
,57,1.1800,,,,182.3,,,0.0000,,,19.4,,0.3,,,,
,58,1.1805,,,,182.5,,,0.0005,,,19.5,,0.2,,,,
,59,1.1825,,,,182.6,,,0.0020,,,19.5,,0.1,,,,
,60,1.1840,,,,182.9,,,0.0015,,,19.5,,0.3,,,,
,61,1.1840,,,,183.2,,,0.0000,,,19.5,,0.3,,,,
,62,1.1840,,,,183.4,,,0.0000,,,19.5,,0.2,,,,
,63,1.1840,,,,183.4,,,0.0000,,,19.5,,0.0,,,,
,,1.1840,,,,183.0,,,,,,,,,,,,EP
Titration (EQP) [2],,,,,,,"Scope 1/1, Sample 3/10",,,,,,,,,,,
Measured Values,,,,"Scope 1/1, Sample 3/10",,,,,,,,,,,,,,
,Time,,V,,,,,Meas. value,,dV,,,Temp.,,,,dE,
,[s],,[mL],,,,,[mV],,[mL],,,[°C],,,,[mV],
,0,,0.0000,,,,,183.3,,,,,19.8,,,,,
,3,,0.0200,,,,,186.8,,0.0200,,,19.8,,,,3.5,
,6,,0.0400,,,,,190.5,,0.0200,,,19.8,,,,3.7,
,9,,0.0600,,,,,194.0,,0.0200,,,19.8,,,,3.5,
,12,,0.0800,,,,,197.0,,0.0200,,,19.8,,,,3.0,
,15,,0.1000,,,,,199.8,,0.0200,,,19.8,,,,2.8,
,18,,0.1200,,,,,202.2,,0.0200,,,19.8,,,,2.4,
,21,,0.1400,,,,,204.5,,0.0200,,,19.8,,,,2.3,
,24,,0.1600,,,,,206.4,,0.0200,,,19.8,,,,1.9,
,27,,0.1800,,,,,208.2,,0.0200,,,19.8,,,,1.8,
,30,,0.2000,,,,,209.9,,0.0200,,,19.8,,,,1.7,
,33,,0.2200,,,,,211.6,,0.0200,,,19.8,,,,1.7,
,36,,0.2400,,,,,213.2,,0.0200,,,19.8,,,,1.6,
,39,,0.2600,,,,,214.6,,0.0200,,,19.8,,,,1.4,
,42,,0.2800,,,,,216.1,,0.0200,,,19.8,,,,1.5,
,45,,0.3000,,,,,217.4,,0.0200,,,19.8,,,,1.3,
,48,,0.3200,,,,,218.7,,0.0200,,,19.8,,,,1.3,
,51,,0.3400,,,,,219.9,,0.0200,,,19.8,,,,1.2,
,54,,0.3600,,,,,221.0,,0.0200,,,19.8,,,,1.1,
,57,,0.3800,,,,,222.0,,0.0200,,,19.8,,,,1.0,
,60,,0.4000,,,,,223.0,,0.0200,,,19.8,,,,1.0,
,63,,0.4200,,,,,224.0,,0.0200,,,19.8,,,,1.0,
,66,,0.4400,,,,,225.0,,0.0200,,,19.8,,,,1.0,
,70,,0.4600,,,,,225.9,,0.0200,,,19.8,,,,0.9,
,72,,0.4800,,,,,226.8,,0.0200,,,19.8,,,,0.9,
,76,,0.5000,,,,,227.7,,0.0200,,,19.8,,,,0.9,
,79,,0.5200,,,,,228.6,,0.0200,,,19.8,,,,0.9,
,82,,0.5400,,,,,229.4,,0.0200,,,19.8,,,,0.8,
,85,,0.5600,,,,,230.1,,0.0200,,,19.8,,,,0.7,
,88,,0.5800,,,,,230.9,,0.0200,,,19.8,,,,0.8,
,91,,0.6000,,,,,231.5,,0.0200,,,19.8,,,,0.6,
,94,,0.6200,,,,,232.3,,0.0200,,,19.8,,,,0.8,
,97,,0.6400,,,,,233.0,,0.0200,,,19.8,,,,0.7,
,100,,0.6600,,,,,233.6,,0.0200,,,19.8,,,,0.6,
,103,,0.6800,,,,,234.4,,0.0200,,,19.8,,,,0.8,
,106,,0.7000,,,,,235.0,,0.0200,,,19.8,,,,0.6,
,109,,0.7200,,,,,235.7,,0.0200,,,19.8,,,,0.7,
,112,,0.7400,,,,,236.3,,0.0200,,,19.8,,,,0.6,
Measure (normal) [1],,,,,,,"Scope 1/1, Sample 4/10",,,,,,,,,,,
Measured Values,,,,"Scope 1/1, Sample 4/10",,,,,,,,,,,,,,
,Time,,,,Meas. value,,,,,,Temp.,,,,dE,,,
,[s],,,,[mV],,,,,,[°C],,,,[mV],,,
,1,,,,-41.3,,,,,,19.6,,,,,,,
,2,,,,-41.3,,,,,,19.6,,,,0.0,,,
,3,,,,-41.3,,,,,,19.6,,,,0.0,,,
,4,,,,-41.3,,,,,,19.6,,,,0.0,,,
,5,,,,-41.4,,,,,,19.6,,,,-0.1,,,
,6,,,,-41.4,,,,,,19.6,,,,0.0,,,
,7,,,,-41.4,,,,,,19.6,,,,0.0,,,
,8,,,,-41.4,,,,,,19.6,,,,0.0,,,
,9,,,,-41.4,,,,,,19.6,,,,0.0,,,
Titration (EP) [1],,,,,,,"Scope 1/1, Sample 4/10",,,,,,,,,,,
Measured Values,,,,"Scope 1/1, Sample 4/10",,,,,,,,,,,,,,
,Time,V,,,,Meas. value,,,dV,,,Temp.,,dE,,,,EP
,[s],[mL],,,,[mV],,,[mL],,,[°C],,[mV],,,,
,0,0.0000,,,,-41.5,,,,,,19.6,,,,,,
,1,0.0010,,,,-41.5,,,0.0010,,,19.6,,0.0,,,,
,2,0.0050,,,,-41.5,,,0.0040,,,19.6,,0.0,,,,
,3,0.0110,,,,-41.2,,,0.0060,,,19.6,,0.3,,,,
,4,0.0200,,,,-40.1,,,0.0090,,,19.6,,1.1,,,,
,5,0.0345,,,,-37.6,,,0.0145,,,19.6,,2.5,,,,
,6,0.0555,,,,-33.3,,,0.0210,,,19.6,,4.3,,,,
,7,0.0800,,,,-27.9,,,0.0245,,,19.6,,5.4,,,,
,8,0.1145,,,,-19.1,,,0.0345,,,19.6,,8.8,,,,
,9,0.1570,,,,-9.0,,,0.0425,,,19.6,,10.1,,,,
,10,0.2090,,,,1.7,,,0.0520,,,19.6,,10.7,,,,
,11,0.2720,,,,12.6,,,0.0630,,,19.6,,10.9,,,,
,12,0.3475,,,,24.4,,,0.0755,,,19.6,,11.8,,,,
,13,0.4260,,,,35.5,,,0.0785,,,19.6,,11.1,,,,
,14,0.5250,,,,50.6,,,0.0990,,,19.6,,15.1,,,,
,15,0.6380,,,,65.3,,,0.1130,,,19.6,,14.7,,,,
,16,0.7625,,,,82.7,,,0.1245,,,19.6,,17.4,,,,
,17,0.8295,,,,92.3,,,0.0670,,,19.6,,9.6,,,,
,18,0.8465,,,,88.1,,,0.0170,,,19.6,,-4.2,,,,
,19,0.8655,,,,88.6,,,0.0190,,,19.6,,0.5,,,,
,20,0.8930,,,,93.5,,,0.0275,,,19.6,,4.9,,,,
,21,0.9230,,,,99.7,,,0.0300,,,19.6,,6.2,,,,
,22,0.9555,,,,107.1,,,0.0325,,,19.6,,7.4,,,,
,23,0.9895,,,,113.2,,,0.0340,,,19.6,,6.1,,,,
,24,1.0245,,,,122.4,,,0.0350,,,19.6,,9.2,,,,
,25,1.0430,,,,129.7,,,0.0185,,,19.6,,7.3,,,,
,26,1.0510,,,,130.9,,,0.0080,,,19.6,,1.2,,,,
,27,1.0625,,,,133.2,,,0.0115,,,19.6,,2.3,,,,
,28,1.0780,,,,138.4,,,0.0155,,,19.6,,5.2,,,,
,29,1.0915,,,,144.2,,,0.0135,,,19.6,,5.8,,,,
,30,1.0990,,,,148.0,,,0.0075,,,19.6,,3.8,,,,
,31,1.1070,,,,151.9,,,0.0080,,,19.6,,3.9,,,,
,32,1.1150,,,,155.3,,,0.0080,,,19.6,,3.4,,,,
,33,1.1225,,,,159.2,,,0.0075,,,19.6,,3.9,,,,
,34,1.1270,,,,161.7,,,0.0045,,,19.6,,2.5,,,,
,35,1.1310,,,,163.5,,,0.0040,,,19.6,,1.8,,,,
,36,1.1350,,,,165.1,,,0.0040,,,19.6,,1.6,,,,
,37,1.1400,,,,166.7,,,0.0050,,,19.6,,1.6,,,,
,38,1.1460,,,,168.9,,,0.0060,,,19.6,,2.2,,,,
,39,1.1505,,,,170.6,,,0.0045,,,19.6,,1.7,,,,
,40,1.1530,,,,171.8,,,0.0025,,,19.6,,1.2,,,,
,41,1.1560,,,,172.7,,,0.0030,,,19.6,,0.9,,,,
,42,1.1595,,,,173.5,,,0.0035,,,19.6,,0.8,,,,
,43,1.1640,,,,174.6,,,0.0045,,,19.6,,1.1,,,,
,44,1.1680,,,,175.7,,,0.0040,,,19.6,,1.1,,,,
,45,1.1710,,,,176.7,,,0.0030,,,19.6,,1.0,,,,
,46,1.1735,,,,177.4,,,0.0025,,,19.6,,0.7,,,,
,47,1.1755,,,,177.9,,,0.0020,,,19.6,,0.5,,,,
,48,1.1785,,,,178.5,,,0.0030,,,19.7,,0.6,,,,
,49,1.1810,,,,179.2,,,0.0025,,,19.7,,0.7,,,,
,50,1.1830,,,,179.8,,,0.0020,,,19.7,,0.6,,,,
,51,1.1855,,,,180.4,,,0.0025,,,19.7,,0.6,,,,
,52,1.1875,,,,181.0,,,0.0020,,,19.7,,0.6,,,,
,53,1.1875,,,,181.3,,,0.0000,,,19.7,,0.3,,,,
,54,1.1900,,,,181.5,,,0.0025,,,19.7,,0.2,,,,
,55,1.1915,,,,182.0,,,0.0015,,,19.7,,0.5,,,,
,56,1.1915,,,,182.3,,,0.0000,,,19.7,,0.3,,,,
,57,1.1930,,,,182.4,,,0.0015,,,19.7,,0.1,,,,
,58,1.1950,,,,182.7,,,0.0020,,,19.7,,0.3,,,,
,59,1.1950,,,,183.0,,,0.0000,,,19.7,,0.3,,,,
,60,1.1950,,,,183.2,,,0.0000,,,19.7,,0.2,,,,
,61,1.1950,,,,183.2,,,0.0000,,,19.7,,0.0,,,,
,62,1.1950,,,,183.2,,,0.0000,,,19.7,,0.0,,,,
,,1.1950,,,,183.0,,,,,,,,,,,,EP
Titration (EQP) [2],,,,,,,"Scope 1/1, Sample 4/10",,,,,,,,,,,
Measured Values,,,,"Scope 1/1, Sample 4/10",,,,,,,,,,,,,,
,Time,,V,,,,,Meas. value,,dV,,,Temp.,,,,dE,
,[s],,[mL],,,,,[mV],,[mL],,,[°C],,,,[mV],
,0,,0.0000,,,,,183.3,,,,,20.0,,,,,
,3,,0.0200,,,,,186.7,,0.0200,,,20.0,,,,3.4,
,6,,0.0400,,,,,190.2,,0.0200,,,20.0,,,,3.5,
,9,,0.0600,,,,,193.6,,0.0200,,,20.0,,,,3.4,
,12,,0.0800,,,,,196.6,,0.0200,,,20.0,,,,3.0,
,15,,0.1000,,,,,199.3,,0.0200,,,20.0,,,,2.7,
,18,,0.1200,,,,,201.7,,0.0200,,,20.0,,,,2.4,
,21,,0.1400,,,,,203.9,,0.0200,,,20.0,,,,2.2,
,24,,0.1600,,,,,205.8,,0.0200,,,20.0,,,,1.9,
,27,,0.1800,,,,,207.5,,0.0200,,,20.0,,,,1.7,
,30,,0.2000,,,,,209.3,,0.0200,,,20.0,,,,1.8,
,33,,0.2200,,,,,210.9,,0.0200,,,20.0,,,,1.6,
,36,,0.2400,,,,,212.4,,0.0200,,,20.0,,,,1.5,
,39,,0.2600,,,,,213.9,,0.0200,,,20.0,,,,1.5,
,42,,0.2800,,,,,215.3,,0.0200,,,20.0,,,,1.4,
,45,,0.3000,,,,,216.6,,0.0200,,,20.0,,,,1.3,
,48,,0.3200,,,,,217.9,,0.0200,,,20.0,,,,1.3,
,51,,0.3400,,,,,219.0,,0.0200,,,20.0,,,,1.1,
,54,,0.3600,,,,,220.1,,0.0200,,,20.0,,,,1.1,
,57,,0.3800,,,,,221.1,,0.0200,,,20.0,,,,1.0,
,60,,0.4000,,,,,222.1,,0.0200,,,20.0,,,,1.0,
,63,,0.4200,,,,,223.1,,0.0200,,,20.0,,,,1.0,
,66,,0.4400,,,,,224.0,,0.0200,,,20.0,,,,0.9,
,70,,0.4600,,,,,225.0,,0.0200,,,20.0,,,,1.0,
,72,,0.4800,,,,,225.9,,0.0200,,,20.0,,,,0.9,
,76,,0.5000,,,,,226.8,,0.0200,,,20.0,,,,0.9,
,78,,0.5200,,,,,227.6,,0.0200,,,20.0,,,,0.8,
,82,,0.5400,,,,,228.4,,0.0200,,,20.0,,,,0.8,
,84,,0.5600,,,,,229.2,,0.0200,,,20.0,,,,0.8,
,88,,0.5800,,,,,229.9,,0.0200,,,20.0,,,,0.7,
,90,,0.6000,,,,,230.5,,0.0200,,,20.0,,,,0.6,
,94,,0.6200,,,,,231.3,,0.0200,,,20.0,,,,0.8,
,97,,0.6400,,,,,232.0,,0.0200,,,20.0,,,,0.7,
,100,,0.6600,,,,,232.7,,0.0200,,,20.0,,,,0.7,
,103,,0.6800,,,,,233.3,,0.0200,,,20.0,,,,0.6,
,106,,0.7000,,,,,233.9,,0.0200,,,20.0,,,,0.6,
,109,,0.7200,,,,,234.6,,0.0200,,,20.0,,,,0.7,
,112,,0.7400,,,,,235.2,,0.0200,,,20.1,,,,0.6,
,115,,0.7600,,,,,235.8,,0.0200,,,20.1,,,,0.6,
,118,,0.7800,,,,,236.3,,0.0200,,,20.1,,,,0.5,
Measure (normal) [1],,,,,,,"Scope 1/1, Sample 5/10",,,,,,,,,,,
Measured Values,,,,"Scope 1/1, Sample 5/10",,,,,,,,,,,,,,
,Time,,,,Meas. value,,,,,,Temp.,,,,dE,,,
,[s],,,,[mV],,,,,,[°C],,,,[mV],,,
,1,,,,-38.2,,,,,,19.8,,,,,,,
,2,,,,-38.2,,,,,,19.8,,,,0.0,,,
,3,,,,-38.2,,,,,,19.8,,,,0.0,,,
,4,,,,-38.2,,,,,,19.8,,,,0.0,,,
,5,,,,-38.2,,,,,,19.8,,,,0.0,,,
,6,,,,-38.3,,,,,,19.8,,,,-0.1,,,
,7,,,,-38.3,,,,,,19.8,,,,0.0,,,
,8,,,,-38.3,,,,,,19.8,,,,0.0,,,
,9,,,,-38.3,,,,,,19.8,,,,0.0,,,
Titration (EP) [1],,,,,,,"Scope 1/1, Sample 5/10",,,,,,,,,,,
Measured Values,,,,"Scope 1/1, Sample 5/10",,,,,,,,,,,,,,
,Time,V,,,,Meas. value,,,dV,,,Temp.,,dE,,,,EP
,[s],[mL],,,,[mV],,,[mL],,,[°C],,[mV],,,,
,0,0.0000,,,,-38.4,,,,,,19.8,,,,,,
,1,0.0010,,,,-38.4,,,0.0010,,,19.8,,0.0,,,,
,2,0.0050,,,,-38.4,,,0.0040,,,19.8,,0.0,,,,
,3,0.0110,,,,-38.1,,,0.0060,,,19.8,,0.3,,,,
,4,0.0200,,,,-37.0,,,0.0090,,,19.8,,1.1,,,,
,5,0.0340,,,,-34.7,,,0.0140,,,19.8,,2.3,,,,
,6,0.0555,,,,-29.9,,,0.0215,,,19.8,,4.8,,,,
,7,0.0800,,,,-24.0,,,0.0245,,,19.8,,5.9,,,,
,8,0.1145,,,,-15.1,,,0.0345,,,19.8,,8.9,,,,
,9,0.1570,,,,-4.8,,,0.0425,,,19.8,,10.3,,,,
,10,0.2090,,,,4.6,,,0.0520,,,19.8,,9.4,,,,
,11,0.2715,,,,16.0,,,0.0625,,,19.8,,11.4,,,,
,12,0.3470,,,,28.6,,,0.0755,,,19.8,,12.6,,,,
,13,0.4255,,,,37.0,,,0.0785,,,19.8,,8.4,,,,
,14,0.5255,,,,48.0,,,0.1000,,,19.8,,11.0,,,,
,15,0.6385,,,,60.8,,,0.1130,,,19.8,,12.8,,,,
,16,0.7635,,,,79.0,,,0.1250,,,19.8,,18.2,,,,
,17,0.8540,,,,92.5,,,0.0905,,,19.8,,13.5,,,,
,18,0.8725,,,,91.7,,,0.0185,,,19.9,,-0.8,,,,
,19,0.8935,,,,91.7,,,0.0210,,,19.9,,0.0,,,,
,20,0.9225,,,,96.1,,,0.0290,,,19.9,,4.4,,,,
,21,0.9555,,,,102.6,,,0.0330,,,19.9,,6.5,,,,
,22,0.9905,,,,107.8,,,0.0350,,,19.9,,5.2,,,,
,23,1.0280,,,,114.2,,,0.0375,,,19.9,,6.4,,,,
,24,1.0670,,,,123.6,,,0.0390,,,19.9,,9.4,,,,
,25,1.0835,,,,131.7,,,0.0165,,,19.9,,8.1,,,,
,26,1.0875,,,,130.7,,,0.0040,,,19.9,,-1.0,,,,
,27,1.0930,,,,129.8,,,0.0055,,,19.9,,-0.9,,,,
,28,1.1010,,,,132.1,,,0.0080,,,19.9,,2.3,,,,
,29,1.1120,,,,136.8,,,0.0110,,,19.9,,4.7,,,,
,30,1.1245,,,,141.0,,,0.0125,,,19.9,,4.2,,,,
,31,1.1355,,,,146.0,,,0.0110,,,19.9,,5.0,,,,
,32,1.1460,,,,151.1,,,0.0105,,,19.9,,5.1,,,,
,33,1.1525,,,,154.7,,,0.0065,,,19.9,,3.6,,,,
,34,1.1580,,,,157.6,,,0.0055,,,19.9,,2.9,,,,
,35,1.1635,,,,159.7,,,0.0055,,,19.9,,2.1,,,,
,36,1.1700,,,,161.5,,,0.0065,,,19.9,,1.8,,,,
,37,1.1765,,,,163.9,,,0.0065,,,19.9,,2.4,,,,
,38,1.1835,,,,166.3,,,0.0070,,,19.9,,2.4,,,,
,39,1.1885,,,,168.7,,,0.0050,,,19.9,,2.4,,,,
,40,1.1915,,,,170.0,,,0.0030,,,19.9,,1.3,,,,
,41,1.1945,,,,171.0,,,0.0030,,,19.9,,1.0,,,,
,42,1.1985,,,,172.0,,,0.0040,,,19.9,,1.0,,,,
,43,1.2025,,,,173.4,,,0.0040,,,19.9,,1.4,,,,
,44,1.2060,,,,174.5,,,0.0035,,,19.9,,1.1,,,,
,45,1.2090,,,,175.4,,,0.0030,,,19.9,,0.9,,,,
,46,1.2115,,,,176.3,,,0.0025,,,19.9,,0.9,,,,
,47,1.2140,,,,177.2,,,0.0025,,,19.9,,0.9,,,,
,48,1.2165,,,,177.8,,,0.0025,,,19.9,,0.6,,,,
,49,1.2185,,,,178.5,,,0.0020,,,19.9,,0.7,,,,
,50,1.2210,,,,179.1,,,0.0025,,,19.9,,0.6,,,,
,51,1.2235,,,,179.7,,,0.0025,,,19.9,,0.6,,,,
,52,1.2260,,,,180.4,,,0.0025,,,19.9,,0.7,,,,
,53,1.2275,,,,180.9,,,0.0015,,,19.9,,0.5,,,,
,54,1.2280,,,,181.2,,,0.0005,,,19.9,,0.3,,,,
,55,1.2300,,,,181.4,,,0.0020,,,19.9,,0.2,,,,
,56,1.2315,,,,181.9,,,0.0015,,,19.9,,0.5,,,,
,57,1.2315,,,,182.2,,,0.0000,,,19.9,,0.3,,,,
,58,1.2330,,,,182.3,,,0.0015,,,19.9,,0.1,,,,
,59,1.2350,,,,182.7,,,0.0020,,,19.9,,0.4,,,,
,60,1.2350,,,,183.0,,,0.0000,,,19.9,,0.3,,,,
,61,1.2350,,,,183.1,,,0.0000,,,19.9,,0.1,,,,
,62,1.2350,,,,183.2,,,0.0000,,,19.9,,0.1,,,,
,63,1.2350,,,,183.3,,,0.0000,,,19.9,,0.1,,,,
,63,1.2350,,,,183.2,,,0.0000,,,19.9,,-0.1,,,,
,,1.2350,,,,183.0,,,,,,,,,,,,EP
Titration (EQP) [2],,,,,,,"Scope 1/1, Sample 5/10",,,,,,,,,,,
Measured Values,,,,"Scope 1/1, Sample 5/10",,,,,,,,,,,,,,
,Time,,V,,,,,Meas. value,,dV,,,Temp.,,,,dE,
,[s],,[mL],,,,,[mV],,[mL],,,[°C],,,,[mV],
,0,,0.0000,,,,,183.2,,,,,20.2,,,,,
,3,,0.0200,,,,,186.7,,0.0200,,,20.2,,,,3.5,
,6,,0.0400,,,,,190.2,,0.0200,,,20.2,,,,3.5,
,9,,0.0600,,,,,193.6,,0.0200,,,20.2,,,,3.4,
,12,,0.0800,,,,,196.6,,0.0200,,,20.2,,,,3.0,
,15,,0.1000,,,,,199.3,,0.0200,,,20.2,,,,2.7,
,18,,0.1200,,,,,201.7,,0.0200,,,20.2,,,,2.4,
,21,,0.1400,,,,,203.9,,0.0200,,,20.3,,,,2.2,
,24,,0.1600,,,,,205.8,,0.0200,,,20.3,,,,1.9,
,27,,0.1800,,,,,207.5,,0.0200,,,20.3,,,,1.7,
,30,,0.2000,,,,,209.3,,0.0200,,,20.3,,,,1.8,
,33,,0.2200,,,,,210.9,,0.0200,,,20.3,,,,1.6,
,36,,0.2400,,,,,212.4,,0.0200,,,20.3,,,,1.5,
,39,,0.2600,,,,,213.9,,0.0200,,,20.3,,,,1.5,
,42,,0.2800,,,,,215.3,,0.0200,,,20.3,,,,1.4,
,45,,0.3000,,,,,216.6,,0.0200,,,20.3,,,,1.3,
,48,,0.3200,,,,,217.9,,0.0200,,,20.3,,,,1.3,
,51,,0.3400,,,,,219.0,,0.0200,,,20.3,,,,1.1,
,54,,0.3600,,,,,220.1,,0.0200,,,20.3,,,,1.1,
,57,,0.3800,,,,,221.0,,0.0200,,,20.3,,,,0.9,
,60,,0.4000,,,,,222.1,,0.0200,,,20.3,,,,1.1,
,63,,0.4200,,,,,223.1,,0.0200,,,20.3,,,,1.0,
,66,,0.4400,,,,,224.0,,0.0200,,,20.3,,,,0.9,
,70,,0.4600,,,,,225.0,,0.0200,,,20.3,,,,1.0,
,72,,0.4800,,,,,225.9,,0.0200,,,20.3,,,,0.9,
,76,,0.5000,,,,,226.8,,0.0200,,,20.3,,,,0.9,
,78,,0.5200,,,,,227.6,,0.0200,,,20.3,,,,0.8,
,82,,0.5400,,,,,228.4,,0.0200,,,20.3,,,,0.8,
,84,,0.5600,,,,,229.1,,0.0200,,,20.3,,,,0.7,
,88,,0.5800,,,,,229.9,,0.0200,,,20.3,,,,0.8,
,90,,0.6000,,,,,230.5,,0.0200,,,20.3,,,,0.6,
,94,,0.6200,,,,,231.3,,0.0200,,,20.3,,,,0.8,
,97,,0.6400,,,,,231.9,,0.0200,,,20.3,,,,0.6,
,100,,0.6600,,,,,232.7,,0.0200,,,20.3,,,,0.8,
,103,,0.6800,,,,,233.4,,0.0200,,,20.3,,,,0.7,
,106,,0.7000,,,,,234.0,,0.0200,,,20.3,,,,0.6,
,109,,0.7200,,,,,234.7,,0.0200,,,20.3,,,,0.7,
,112,,0.7400,,,,,235.3,,0.0200,,,20.3,,,,0.6,
,115,,0.7600,,,,,235.8,,0.0200,,,20.3,,,,0.5,
,118,,0.7800,,,,,236.3,,0.0200,,,20.3,,,,0.5,
Measure (normal) [1],,,,,,,"Scope 1/1, Sample 6/10",,,,,,,,,,,
Measured Values,,,,"Scope 1/1, Sample 6/10",,,,,,,,,,,,,,
,Time,,,,Meas. value,,,,,,Temp.,,,,dE,,,
,[s],,,,[mV],,,,,,[°C],,,,[mV],,,
,1,,,,-54.7,,,,,,20.1,,,,,,,
,2,,,,-54.7,,,,,,20.1,,,,0.0,,,
,3,,,,-54.7,,,,,,20.1,,,,0.0,,,
,4,,,,-54.7,,,,,,20.1,,,,0.0,,,
,5,,,,-54.7,,,,,,20.1,,,,0.0,,,
,6,,,,-54.7,,,,,,20.1,,,,0.0,,,
,7,,,,-54.7,,,,,,20.1,,,,0.0,,,
,8,,,,-54.7,,,,,,20.1,,,,0.0,,,
,9,,,,-54.7,,,,,,20.1,,,,0.0,,,
,10,,,,-54.7,,,,,,20.1,,,,0.0,,,
Titration (EP) [1],,,,,,,"Scope 1/1, Sample 6/10",,,,,,,,,,,
Measured Values,,,,"Scope 1/1, Sample 6/10",,,,,,,,,,,,,,
,Time,V,,,,Meas. value,,,dV,,,Temp.,,dE,,,,EP
,[s],[mL],,,,[mV],,,[mL],,,[°C],,[mV],,,,
,0,0.0000,,,,-54.8,,,,,,20.1,,,,,,
,1,0.0010,,,,-54.8,,,0.0010,,,20.1,,0.0,,,,
,2,0.0050,,,,-54.8,,,0.0040,,,20.1,,0.0,,,,
,3,0.0110,,,,-54.5,,,0.0060,,,20.1,,0.3,,,,
,4,0.0200,,,,-53.8,,,0.0090,,,20.1,,0.7,,,,
,5,0.0340,,,,-51.9,,,0.0140,,,20.1,,1.9,,,,
,6,0.0550,,,,-48.5,,,0.0210,,,20.1,,3.4,,,,
,7,0.0800,,,,-43.8,,,0.0250,,,20.1,,4.7,,,,
,8,0.1145,,,,-36.3,,,0.0345,,,20.1,,7.5,,,,
,9,0.1570,,,,-26.1,,,0.0425,,,20.1,,10.2,,,,
,10,0.2090,,,,-13.7,,,0.0520,,,20.1,,12.4,,,,
,11,0.2720,,,,-1.1,,,0.0630,,,20.1,,12.6,,,,
,12,0.3475,,,,12.0,,,0.0755,,,20.1,,13.1,,,,
,13,0.4255,,,,25.7,,,0.0780,,,20.1,,13.7,,,,
,14,0.5250,,,,39.6,,,0.0995,,,20.1,,13.9,,,,
,15,0.6385,,,,54.0,,,0.1135,,,20.1,,14.4,,,,
,16,0.7640,,,,72.4,,,0.1255,,,20.1,,18.4,,,,
,17,0.8850,,,,91.5,,,0.1210,,,20.1,,19.1,,,,
,18,0.8965,,,,94.1,,,0.0115,,,20.1,,2.6,,,,
,19,0.9040,,,,90.5,,,0.0075,,,20.1,,-3.6,,,,
,20,0.9160,,,,89.9,,,0.0120,,,20.1,,-0.6,,,,
,21,0.9325,,,,92.2,,,0.0165,,,20.1,,2.3,,,,
,22,0.9550,,,,96.7,,,0.0225,,,20.1,,4.5,,,,
,23,0.9820,,,,101.7,,,0.0270,,,20.1,,5.0,,,,
,24,1.0115,,,,109.1,,,0.0295,,,20.1,,7.4,,,,
,25,1.0385,,,,114.6,,,0.0270,,,20.1,,5.5,,,,
,26,1.0700,,,,124.0,,,0.0315,,,20.1,,9.4,,,,
,27,1.0865,,,,131.0,,,0.0165,,,20.1,,7.0,,,,
,28,1.0935,,,,131.0,,,0.0070,,,20.1,,0.0,,,,
,29,1.1025,,,,132.7,,,0.0090,,,20.1,,1.7,,,,
,30,1.1155,,,,136.5,,,0.0130,,,20.1,,3.8,,,,
,31,1.1280,,,,142.6,,,0.0125,,,20.1,,6.1,,,,
,32,1.1375,,,,147.5,,,0.0095,,,20.1,,4.9,,,,
,33,1.1445,,,,150.9,,,0.0070,,,20.1,,3.4,,,,
,34,1.1520,,,,154.4,,,0.0075,,,20.1,,3.5,,,,
,35,1.1595,,,,157.5,,,0.0075,,,20.1,,3.1,,,,
,36,1.1665,,,,160.0,,,0.0070,,,20.1,,2.5,,,,
,37,1.1730,,,,162.5,,,0.0065,,,20.1,,2.5,,,,
,38,1.1790,,,,164.7,,,0.0060,,,20.1,,2.2,,,,
,39,1.1855,,,,166.8,,,0.0065,,,20.1,,2.1,,,,
,40,1.1905,,,,169.0,,,0.0050,,,20.1,,2.2,,,,
,41,1.1940,,,,170.5,,,0.0035,,,20.1,,1.5,,,,
,42,1.1970,,,,171.5,,,0.0030,,,20.1,,1.0,,,,
,43,1.2005,,,,172.6,,,0.0035,,,20.1,,1.1,,,,
,44,1.2045,,,,173.7,,,0.0040,,,20.1,,1.1,,,,
,45,1.2090,,,,175.1,,,0.0045,,,20.1,,1.4,,,,
,46,1.2115,,,,176.1,,,0.0025,,,20.1,,1.0,,,,
,47,1.2140,,,,177.0,,,0.0025,,,20.2,,0.9,,,,
,48,1.2165,,,,177.6,,,0.0025,,,20.2,,0.6,,,,
,49,1.2190,,,,178.3,,,0.0025,,,20.2,,0.7,,,,
,50,1.2210,,,,179.0,,,0.0020,,,20.2,,0.7,,,,
,51,1.2235,,,,179.6,,,0.0025,,,20.2,,0.6,,,,
,52,1.2260,,,,180.2,,,0.0025,,,20.2,,0.6,,,,
,53,1.2280,,,,180.7,,,0.0020,,,20.2,,0.5,,,,
,54,1.2290,,,,181.1,,,0.0010,,,20.2,,0.4,,,,
,55,1.2310,,,,181.5,,,0.0020,,,20.2,,0.4,,,,
,56,1.2310,,,,181.8,,,0.0000,,,20.2,,0.3,,,,
,57,1.2315,,,,182.0,,,0.0005,,,20.2,,0.2,,,,
,58,1.2340,,,,182.2,,,0.0025,,,20.2,,0.2,,,,
,59,1.2350,,,,182.7,,,0.0010,,,20.2,,0.5,,,,
,60,1.2350,,,,182.8,,,0.0000,,,20.2,,0.1,,,,
,61,1.2375,,,,183.0,,,0.0025,,,20.2,,0.2,,,,
,62,1.2375,,,,183.4,,,0.0000,,,20.2,,0.4,,,,
,63,1.2375,,,,183.5,,,0.0000,,,20.2,,0.1,,,,
,64,1.2375,,,,183.6,,,0.0000,,,20.2,,0.1,,,,
,64,1.2375,,,,183.6,,,0.0000,,,20.2,,0.0,,,,
,,1.2375,,,,183.0,,,,,,,,,,,,EP
Titration (EQP) [2],,,,,,,"Scope 1/1, Sample 6/10",,,,,,,,,,,
Measured Values,,,,"Scope 1/1, Sample 6/10",,,,,,,,,,,,,,
,Time,,V,,,,,Meas. value,,dV,,,Temp.,,,,dE,
,[s],,[mL],,,,,[mV],,[mL],,,[°C],,,,[mV],
,0,,0.0000,,,,,183.6,,,,,20.5,,,,,
,3,,0.0200,,,,,187.0,,0.0200,,,20.5,,,,3.4,
,6,,0.0400,,,,,190.5,,0.0200,,,20.5,,,,3.5,
,9,,0.0600,,,,,193.8,,0.0200,,,20.5,,,,3.3,
,12,,0.0800,,,,,196.7,,0.0200,,,20.5,,,,2.9,
,15,,0.1000,,,,,199.3,,0.0200,,,20.5,,,,2.6,
,18,,0.1200,,,,,201.8,,0.0200,,,20.5,,,,2.5,
,21,,0.1400,,,,,203.9,,0.0200,,,20.5,,,,2.1,
,24,,0.1600,,,,,205.8,,0.0200,,,20.5,,,,1.9,
,27,,0.1800,,,,,207.5,,0.0200,,,20.5,,,,1.7,
,30,,0.2000,,,,,207.8,,0.0200,,,20.5,,,,0.3,
,33,,0.2200,,,,,209.3,,0.0200,,,20.5,,,,1.5,
,36,,0.2400,,,,,211.0,,0.0200,,,20.5,,,,1.7,
,39,,0.2600,,,,,212.4,,0.0200,,,20.5,,,,1.4,
,42,,0.2800,,,,,213.9,,0.0200,,,20.5,,,,1.5,
,45,,0.3000,,,,,215.3,,0.0200,,,20.5,,,,1.4,
,48,,0.3200,,,,,216.6,,0.0200,,,20.5,,,,1.3,
,51,,0.3400,,,,,217.8,,0.0200,,,20.5,,,,1.2,
,54,,0.3600,,,,,219.0,,0.0200,,,20.5,,,,1.2,
,57,,0.3800,,,,,220.0,,0.0200,,,20.5,,,,1.0,
,60,,0.4000,,,,,221.0,,0.0200,,,20.5,,,,1.0,
,64,,0.4200,,,,,222.1,,0.0200,,,20.5,,,,1.1,
,66,,0.4400,,,,,223.0,,0.0200,,,20.5,,,,0.9,
,70,,0.4600,,,,,224.0,,0.0200,,,20.5,,,,1.0,
,73,,0.4800,,,,,224.9,,0.0200,,,20.5,,,,0.9,
,76,,0.5000,,,,,225.8,,0.0200,,,20.5,,,,0.9,
,78,,0.5200,,,,,226.7,,0.0200,,,20.5,,,,0.9,
,82,,0.5400,,,,,227.6,,0.0200,,,20.5,,,,0.9,
,84,,0.5600,,,,,228.3,,0.0200,,,20.5,,,,0.7,
,88,,0.5800,,,,,229.0,,0.0200,,,20.5,,,,0.7,
,91,,0.6000,,,,,229.7,,0.0200,,,20.5,,,,0.7,
,94,,0.6200,,,,,230.5,,0.0200,,,20.5,,,,0.8,
,97,,0.6400,,,,,231.2,,0.0200,,,20.5,,,,0.7,
,100,,0.6600,,,,,231.9,,0.0200,,,20.5,,,,0.7,
,103,,0.6800,,,,,232.6,,0.0200,,,20.5,,,,0.7,
,106,,0.7000,,,,,233.2,,0.0200,,,20.5,,,,0.6,
,109,,0.7200,,,,,233.9,,0.0200,,,20.5,,,,0.7,
,112,,0.7400,,,,,234.5,,0.0200,,,20.5,,,,0.6,
,115,,0.7600,,,,,235.1,,0.0200,,,20.5,,,,0.6,
,118,,0.7800,,,,,235.6,,0.0200,,,20.5,,,,0.5,
,121,,0.8000,,,,,236.2,,0.0200,,,20.5,,,,0.6,
Measure (normal) [1],,,,,,,"Scope 1/1, Sample 7/10",,,,,,,,,,,
Measured Values,,,,"Scope 1/1, Sample 7/10",,,,,,,,,,,,,,
,Time,,,,Meas. value,,,,,,Temp.,,,,dE,,,
,[s],,,,[mV],,,,,,[°C],,,,[mV],,,
,1,,,,-55.2,,,,,,20.3,,,,,,,
,2,,,,-55.2,,,,,,20.3,,,,0.0,,,
,3,,,,-55.2,,,,,,20.3,,,,0.0,,,
,4,,,,-55.2,,,,,,20.3,,,,0.0,,,
,5,,,,-55.2,,,,,,20.3,,,,0.0,,,
,6,,,,-55.2,,,,,,20.3,,,,0.0,,,
,7,,,,-55.2,,,,,,20.3,,,,0.0,,,
,8,,,,-55.2,,,,,,20.3,,,,0.0,,,
,9,,,,-55.2,,,,,,20.3,,,,0.0,,,
,10,,,,-55.2,,,,,,20.3,,,,0.0,,,
Titration (EP) [1],,,,,,,"Scope 1/1, Sample 7/10",,,,,,,,,,,
Measured Values,,,,"Scope 1/1, Sample 7/10",,,,,,,,,,,,,,
,Time,V,,,,Meas. value,,,dV,,,Temp.,,dE,,,,EP
,[s],[mL],,,,[mV],,,[mL],,,[°C],,[mV],,,,
,0,0.0000,,,,-55.3,,,,,,20.3,,,,,,
,1,0.0010,,,,-55.3,,,0.0010,,,20.3,,0.0,,,,
,2,0.0050,,,,-55.2,,,0.0040,,,20.3,,0.1,,,,
,3,0.0110,,,,-55.0,,,0.0060,,,20.3,,0.2,,,,
,4,0.0200,,,,-54.2,,,0.0090,,,20.3,,0.8,,,,
,5,0.0340,,,,-52.4,,,0.0140,,,20.3,,1.8,,,,
,6,0.0550,,,,-49.4,,,0.0210,,,20.3,,3.0,,,,
,7,0.0800,,,,-44.9,,,0.0250,,,20.3,,4.5,,,,
,8,0.1145,,,,-37.7,,,0.0345,,,20.3,,7.2,,,,
,9,0.1570,,,,-27.9,,,0.0425,,,20.3,,9.8,,,,
,10,0.2080,,,,-16.0,,,0.0510,,,20.3,,11.9,,,,
,11,0.2705,,,,-3.4,,,0.0625,,,20.3,,12.6,,,,
,12,0.3445,,,,11.4,,,0.0740,,,20.3,,14.8,,,,
,13,0.4210,,,,24.0,,,0.0765,,,20.3,,12.6,,,,
,14,0.5195,,,,40.3,,,0.0985,,,20.3,,16.3,,,,
,15,0.6310,,,,55.2,,,0.1115,,,20.3,,14.9,,,,
,16,0.7560,,,,71.7,,,0.1250,,,20.3,,16.5,,,,
,17,0.8880,,,,89.4,,,0.1320,,,20.3,,17.7,,,,
,18,0.9110,,,,95.0,,,0.0230,,,20.3,,5.6,,,,
,19,0.9215,,,,92.2,,,0.0105,,,20.3,,-2.8,,,,
,20,0.9365,,,,93.2,,,0.0150,,,20.3,,1.0,,,,
,21,0.9575,,,,97.2,,,0.0210,,,20.3,,4.0,,,,
,22,0.9830,,,,102.2,,,0.0255,,,20.3,,5.0,,,,
,23,1.0115,,,,108.9,,,0.0285,,,20.3,,6.7,,,,
,24,1.0410,,,,116.0,,,0.0295,,,20.3,,7.1,,,,
,25,1.0690,,,,122.2,,,0.0280,,,20.3,,6.2,,,,
,26,1.0945,,,,131.2,,,0.0255,,,20.3,,9.0,,,,
,27,1.1045,,,,135.4,,,0.0100,,,20.3,,4.2,,,,
,28,1.1145,,,,137.8,,,0.0100,,,20.3,,2.4,,,,
,29,1.1270,,,,142.6,,,0.0125,,,20.3,,4.8,,,,
,30,1.1395,,,,148.2,,,0.0125,,,20.3,,5.6,,,,
,31,1.1460,,,,152.3,,,0.0065,,,20.3,,4.1,,,,
,32,1.1510,,,,154.8,,,0.0050,,,20.3,,2.5,,,,
,33,1.1560,,,,157.1,,,0.0050,,,20.3,,2.3,,,,
,34,1.1625,,,,159.3,,,0.0065,,,20.3,,2.2,,,,
,35,1.1695,,,,161.9,,,0.0070,,,20.3,,2.6,,,,
,36,1.1775,,,,164.2,,,0.0080,,,20.3,,2.3,,,,
,37,1.1840,,,,166.4,,,0.0065,,,20.3,,2.2,,,,
,38,1.1890,,,,168.5,,,0.0050,,,20.3,,2.1,,,,
,39,1.1925,,,,170.2,,,0.0035,,,20.3,,1.7,,,,
,40,1.1955,,,,171.3,,,0.0030,,,20.3,,1.1,,,,
,41,1.1990,,,,172.4,,,0.0035,,,20.3,,1.1,,,,
,42,1.2030,,,,173.3,,,0.0040,,,20.3,,0.9,,,,
,43,1.2075,,,,174.6,,,0.0045,,,20.4,,1.3,,,,
,44,1.2100,,,,175.6,,,0.0025,,,20.4,,1.0,,,,
,45,1.2125,,,,176.6,,,0.0025,,,20.4,,1.0,,,,
,46,1.2150,,,,177.3,,,0.0025,,,20.3,,0.7,,,,
,47,1.2175,,,,178.0,,,0.0025,,,20.4,,0.7,,,,
,48,1.2200,,,,178.6,,,0.0025,,,20.4,,0.6,,,,
,49,1.2220,,,,179.2,,,0.0020,,,20.4,,0.6,,,,
,50,1.2245,,,,179.9,,,0.0025,,,20.4,,0.7,,,,
,51,1.2270,,,,180.5,,,0.0025,,,20.4,,0.6,,,,
,52,1.2280,,,,181.1,,,0.0010,,,20.4,,0.6,,,,
,53,1.2290,,,,181.3,,,0.0010,,,20.4,,0.2,,,,
,54,1.2315,,,,181.6,,,0.0025,,,20.4,,0.3,,,,
,55,1.2320,,,,182.1,,,0.0005,,,20.4,,0.5,,,,
,56,1.2325,,,,182.2,,,0.0005,,,20.4,,0.1,,,,
,57,1.2350,,,,182.5,,,0.0025,,,20.4,,0.3,,,,
,58,1.2360,,,,182.9,,,0.0010,,,20.4,,0.4,,,,
,59,1.2360,,,,183.1,,,0.0000,,,20.4,,0.2,,,,
,60,1.2360,,,,183.2,,,0.0000,,,20.4,,0.1,,,,
,61,1.2360,,,,183.2,,,0.0000,,,20.4,,0.0,,,,
,62,1.2360,,,,183.3,,,0.0000,,,20.4,,0.1,,,,
,,1.2360,,,,183.0,,,,,,,,,,,,EP
Titration (EQP) [2],,,,,,,"Scope 1/1, Sample 7/10",,,,,,,,,,,
Measured Values,,,,"Scope 1/1, Sample 7/10",,,,,,,,,,,,,,
,Time,,V,,,,,Meas. value,,dV,,,Temp.,,,,dE,
,[s],,[mL],,,,,[mV],,[mL],,,[°C],,,,[mV],
,0,,0.0000,,,,,183.3,,,,,20.7,,,,,
,3,,0.0200,,,,,186.8,,0.0200,,,20.7,,,,3.5,
,6,,0.0400,,,,,190.3,,0.0200,,,20.7,,,,3.5,
,9,,0.0600,,,,,193.6,,0.0200,,,20.7,,,,3.3,
,12,,0.0800,,,,,196.5,,0.0200,,,20.7,,,,2.9,
,15,,0.1000,,,,,199.2,,0.0200,,,20.7,,,,2.7,
,18,,0.1200,,,,,201.6,,0.0200,,,20.7,,,,2.4,
,21,,0.1400,,,,,203.8,,0.0200,,,20.7,,,,2.2,
,24,,0.1600,,,,,205.6,,0.0200,,,20.7,,,,1.8,
,27,,0.1800,,,,,207.4,,0.0200,,,20.7,,,,1.8,
,30,,0.2000,,,,,209.1,,0.0200,,,20.7,,,,1.7,
,33,,0.2200,,,,,210.8,,0.0200,,,20.7,,,,1.7,
,36,,0.2400,,,,,212.3,,0.0200,,,20.7,,,,1.5,
,39,,0.2600,,,,,213.8,,0.0200,,,20.7,,,,1.5,
,42,,0.2800,,,,,215.1,,0.0200,,,20.7,,,,1.3,
,45,,0.3000,,,,,216.5,,0.0200,,,20.7,,,,1.4,
,48,,0.3200,,,,,217.7,,0.0200,,,20.7,,,,1.2,
,51,,0.3400,,,,,218.8,,0.0200,,,20.7,,,,1.1,
,54,,0.3600,,,,,219.9,,0.0200,,,20.7,,,,1.1,
,57,,0.3800,,,,,220.9,,0.0200,,,20.7,,,,1.0,
,60,,0.4000,,,,,221.9,,0.0200,,,20.7,,,,1.0,
,64,,0.4200,,,,,222.9,,0.0200,,,20.7,,,,1.0,
,66,,0.4400,,,,,223.9,,0.0200,,,20.7,,,,1.0,
,70,,0.4600,,,,,224.8,,0.0200,,,20.7,,,,0.9,
,72,,0.4800,,,,,225.7,,0.0200,,,20.7,,,,0.9,
,76,,0.5000,,,,,226.6,,0.0200,,,20.7,,,,0.9,
,78,,0.5200,,,,,227.5,,0.0200,,,20.7,,,,0.9,
,82,,0.5400,,,,,228.3,,0.0200,,,20.7,,,,0.8,
,84,,0.5600,,,,,229.0,,0.0200,,,20.7,,,,0.7,
,88,,0.5800,,,,,229.7,,0.0200,,,20.7,,,,0.7,
,90,,0.6000,,,,,230.4,,0.0200,,,20.7,,,,0.7,
,94,,0.6200,,,,,231.1,,0.0200,,,20.7,,,,0.7,
,97,,0.6400,,,,,231.8,,0.0200,,,20.7,,,,0.7,
,100,,0.6600,,,,,232.5,,0.0200,,,20.7,,,,0.7,
,103,,0.6800,,,,,233.1,,0.0200,,,20.7,,,,0.6,
,106,,0.7000,,,,,233.8,,0.0200,,,20.7,,,,0.7,
,109,,0.7200,,,,,234.4,,0.0200,,,20.7,,,,0.6,
,112,,0.7400,,,,,235.1,,0.0200,,,20.7,,,,0.7,
,115,,0.7600,,,,,235.6,,0.0200,,,20.7,,,,0.5,
,118,,0.7800,,,,,236.2,,0.0200,,,20.7,,,,0.6,
Measure (normal) [1],,,,,,,"Scope 1/1, Sample 8/10",,,,,,,,,,,
Measured Values,,,,"Scope 1/1, Sample 8/10",,,,,,,,,,,,,,
,Time,,,,Meas. value,,,,,,Temp.,,,,dE,,,
,[s],,,,[mV],,,,,,[°C],,,,[mV],,,
,1,,,,-56.4,,,,,,20.5,,,,,,,
,2,,,,-56.4,,,,,,20.5,,,,0.0,,,
,3,,,,-56.4,,,,,,20.5,,,,0.0,,,
,4,,,,-56.4,,,,,,20.5,,,,0.0,,,
,5,,,,-56.4,,,,,,20.5,,,,0.0,,,
,6,,,,-56.4,,,,,,20.5,,,,0.0,,,
,7,,,,-56.4,,,,,,20.5,,,,0.0,,,
,8,,,,-56.5,,,,,,20.5,,,,-0.1,,,
,9,,,,-56.5,,,,,,20.5,,,,0.0,,,
Titration (EP) [1],,,,,,,"Scope 1/1, Sample 8/10",,,,,,,,,,,
Measured Values,,,,"Scope 1/1, Sample 8/10",,,,,,,,,,,,,,
,Time,V,,,,Meas. value,,,dV,,,Temp.,,dE,,,,EP
,[s],[mL],,,,[mV],,,[mL],,,[°C],,[mV],,,,
,0,0.0000,,,,-56.5,,,,,,20.5,,,,,,
,1,0.0010,,,,-56.6,,,0.0010,,,20.5,,-0.1,,,,
,2,0.0050,,,,-56.5,,,0.0040,,,20.5,,0.1,,,,
,3,0.0110,,,,-56.2,,,0.0060,,,20.5,,0.3,,,,
,4,0.0195,,,,-55.4,,,0.0085,,,20.5,,0.8,,,,
,5,0.0335,,,,-53.7,,,0.0140,,,20.5,,1.7,,,,
,6,0.0540,,,,-51.0,,,0.0205,,,20.5,,2.7,,,,
,7,0.0780,,,,-46.4,,,0.0240,,,20.5,,4.6,,,,
,8,0.1115,,,,-39.5,,,0.0335,,,20.5,,6.9,,,,
,9,0.1530,,,,-30.1,,,0.0415,,,20.5,,9.4,,,,
,10,0.2040,,,,-17.9,,,0.0510,,,20.5,,12.2,,,,
,11,0.2660,,,,-4.4,,,0.0620,,,20.5,,13.5,,,,
,12,0.3400,,,,8.8,,,0.0740,,,20.5,,13.2,,,,
,13,0.4170,,,,20.8,,,0.0770,,,20.5,,12.0,,,,
,14,0.5155,,,,36.3,,,0.0985,,,20.5,,15.5,,,,
,15,0.6270,,,,52.2,,,0.1115,,,20.5,,15.9,,,,
,16,0.7520,,,,68.8,,,0.1250,,,20.5,,16.6,,,,
,17,0.8820,,,,93.3,,,0.1300,,,20.5,,24.5,,,,
,18,0.8885,,,,96.9,,,0.0065,,,20.5,,3.6,,,,
,19,0.8910,,,,90.7,,,0.0025,,,20.5,,-6.2,,,,
,20,0.8950,,,,87.6,,,0.0040,,,20.5,,-3.1,,,,
,21,0.9005,,,,87.1,,,0.0055,,,20.5,,-0.5,,,,
,22,0.9090,,,,88.4,,,0.0085,,,20.5,,1.3,,,,
,23,0.9215,,,,90.2,,,0.0125,,,20.5,,1.8,,,,
,24,0.9395,,,,93.8,,,0.0180,,,20.5,,3.6,,,,
,25,0.9595,,,,98.6,,,0.0200,,,20.5,,4.8,,,,
,26,0.9845,,,,103.6,,,0.0250,,,20.5,,5.0,,,,
,27,1.0125,,,,110.9,,,0.0280,,,20.5,,7.3,,,,
,28,1.0415,,,,118.4,,,0.0290,,,20.5,,7.5,,,,
,29,1.0680,,,,125.2,,,0.0265,,,20.5,,6.8,,,,
,30,1.0875,,,,130.6,,,0.0195,,,20.5,,5.4,,,,
,31,1.1095,,,,136.5,,,0.0220,,,20.5,,5.9,,,,
,32,1.1265,,,,145.3,,,0.0170,,,20.5,,8.8,,,,
,33,1.1295,,,,149.2,,,0.0030,,,20.5,,3.9,,,,
,34,1.1320,,,,150.3,,,0.0025,,,20.5,,1.1,,,,
,35,1.1360,,,,151.6,,,0.0040,,,20.5,,1.3,,,,
,36,1.1420,,,,153.5,,,0.0060,,,20.5,,1.9,,,,
,37,1.1490,,,,156.5,,,0.0070,,,20.5,,3.0,,,,
,38,1.1575,,,,159.8,,,0.0085,,,20.5,,3.3,,,,
,39,1.1640,,,,162.6,,,0.0065,,,20.5,,2.8,,,,
,40,1.1690,,,,164.9,,,0.0050,,,20.5,,2.3,,,,
,41,1.1730,,,,166.3,,,0.0040,,,20.5,,1.4,,,,
,42,1.1780,,,,167.7,,,0.0050,,,20.5,,1.4,,,,
,43,1.1835,,,,169.4,,,0.0055,,,20.5,,1.7,,,,
,44,1.1890,,,,171.2,,,0.0055,,,20.5,,1.8,,,,
,45,1.1930,,,,172.7,,,0.0040,,,20.5,,1.5,,,,
,46,1.1955,,,,173.8,,,0.0025,,,20.5,,1.1,,,,
,47,1.1980,,,,174.7,,,0.0025,,,20.5,,0.9,,,,
,48,1.2010,,,,175.4,,,0.0030,,,20.5,,0.7,,,,
,49,1.2040,,,,176.2,,,0.0030,,,20.5,,0.8,,,,
,50,1.2070,,,,177.1,,,0.0030,,,20.5,,0.9,,,,
,51,1.2095,,,,177.9,,,0.0025,,,20.5,,0.8,,,,
,52,1.2120,,,,178.6,,,0.0025,,,20.5,,0.7,,,,
,53,1.2145,,,,179.3,,,0.0025,,,20.5,,0.7,,,,
,54,1.2165,,,,179.8,,,0.0020,,,20.5,,0.5,,,,
,55,1.2190,,,,180.4,,,0.0025,,,20.5,,0.6,,,,
,56,1.2205,,,,181.0,,,0.0015,,,20.5,,0.6,,,,
,57,1.2205,,,,181.3,,,0.0000,,,20.5,,0.3,,,,
,58,1.2230,,,,181.6,,,0.0025,,,20.5,,0.3,,,,
,59,1.2245,,,,182.0,,,0.0015,,,20.5,,0.4,,,,
,60,1.2245,,,,182.3,,,0.0000,,,20.5,,0.3,,,,
,61,1.2260,,,,182.4,,,0.0015,,,20.5,,0.1,,,,
,62,1.2285,,,,182.8,,,0.0025,,,20.5,,0.4,,,,
,63,1.2285,,,,183.1,,,0.0000,,,20.5,,0.3,,,,
,64,1.2285,,,,183.3,,,0.0000,,,20.5,,0.2,,,,
,65,1.2285,,,,183.4,,,0.0000,,,20.5,,0.1,,,,
,66,1.2285,,,,183.4,,,0.0000,,,20.5,,0.0,,,,
,,1.2285,,,,183.0,,,,,,,,,,,,EP
Titration (EQP) [2],,,,,,,"Scope 1/1, Sample 8/10",,,,,,,,,,,
Measured Values,,,,"Scope 1/1, Sample 8/10",,,,,,,,,,,,,,
,Time,,V,,,,,Meas. value,,dV,,,Temp.,,,,dE,
,[s],,[mL],,,,,[mV],,[mL],,,[°C],,,,[mV],
,0,,0.0000,,,,,183.3,,,,,20.8,,,,,
,3,,0.0200,,,,,186.8,,0.0200,,,20.8,,,,3.5,
,6,,0.0400,,,,,190.5,,0.0200,,,20.8,,,,3.7,
,9,,0.0600,,,,,193.8,,0.0200,,,20.8,,,,3.3,
,12,,0.0800,,,,,196.8,,0.0200,,,20.8,,,,3.0,
,15,,0.1000,,,,,199.4,,0.0200,,,20.8,,,,2.6,
,18,,0.1200,,,,,201.9,,0.0200,,,20.8,,,,2.5,
,21,,0.1400,,,,,204.0,,0.0200,,,20.8,,,,2.1,
,24,,0.1600,,,,,205.9,,0.0200,,,20.8,,,,1.9,
,27,,0.1800,,,,,207.6,,0.0200,,,20.9,,,,1.7,
,30,,0.2000,,,,,209.4,,0.0200,,,20.9,,,,1.8,
,33,,0.2200,,,,,211.0,,0.0200,,,20.9,,,,1.6,
,36,,0.2400,,,,,212.5,,0.0200,,,20.9,,,,1.5,
,39,,0.2600,,,,,214.0,,0.0200,,,20.9,,,,1.5,
,42,,0.2800,,,,,215.4,,0.0200,,,20.9,,,,1.4,
,45,,0.3000,,,,,216.1,,0.0200,,,20.9,,,,0.7,
,48,,0.3200,,,,,217.3,,0.0200,,,20.9,,,,1.2,
,51,,0.3400,,,,,218.5,,0.0200,,,20.9,,,,1.2,
,54,,0.3600,,,,,219.6,,0.0200,,,20.9,,,,1.1,
,57,,0.3800,,,,,220.6,,0.0200,,,20.9,,,,1.0,
,60,,0.4000,,,,,221.6,,0.0200,,,20.9,,,,1.0,
,63,,0.4200,,,,,222.7,,0.0200,,,20.9,,,,1.1,
,66,,0.4400,,,,,223.6,,0.0200,,,20.9,,,,0.9,
,70,,0.4600,,,,,224.6,,0.0200,,,20.9,,,,1.0,
,72,,0.4800,,,,,225.5,,0.0200,,,20.9,,,,0.9,
,76,,0.5000,,,,,226.4,,0.0200,,,20.9,,,,0.9,
,78,,0.5200,,,,,227.2,,0.0200,,,20.9,,,,0.8,
,82,,0.5400,,,,,228.0,,0.0200,,,20.9,,,,0.8,
,84,,0.5600,,,,,228.8,,0.0200,,,20.9,,,,0.8,
,88,,0.5800,,,,,229.5,,0.0200,,,20.9,,,,0.7,
,90,,0.6000,,,,,230.2,,0.0200,,,20.9,,,,0.7,
,94,,0.6200,,,,,231.0,,0.0200,,,20.9,,,,0.8,
,97,,0.6400,,,,,231.7,,0.0200,,,20.9,,,,0.7,
,100,,0.6600,,,,,232.4,,0.0200,,,20.9,,,,0.7,
,103,,0.6800,,,,,233.1,,0.0200,,,20.9,,,,0.7,
,106,,0.7000,,,,,233.7,,0.0200,,,20.9,,,,0.6,
,109,,0.7200,,,,,234.4,,0.0200,,,20.9,,,,0.7,
,112,,0.7400,,,,,235.0,,0.0200,,,20.9,,,,0.6,
,115,,0.7600,,,,,235.6,,0.0200,,,20.9,,,,0.6,
,118,,0.7800,,,,,236.1,,0.0200,,,20.9,,,,0.5,
Measure (normal) [1],,,,,,,"Scope 1/1, Sample 9/10",,,,,,,,,,,
Measured Values,,,,"Scope 1/1, Sample 9/10",,,,,,,,,,,,,,
,Time,,,,Meas. value,,,,,,Temp.,,,,dE,,,
,[s],,,,[mV],,,,,,[°C],,,,[mV],,,
,1,,,,-53.4,,,,,,20.6,,,,,,,
,2,,,,-53.4,,,,,,20.6,,,,0.0,,,
,3,,,,-53.4,,,,,,20.6,,,,0.0,,,
,4,,,,-53.4,,,,,,20.6,,,,0.0,,,
,5,,,,-53.5,,,,,,20.6,,,,-0.1,,,
,6,,,,-53.5,,,,,,20.6,,,,0.0,,,
,7,,,,-53.5,,,,,,20.6,,,,0.0,,,
,8,,,,-53.5,,,,,,20.6,,,,0.0,,,
,9,,,,-53.5,,,,,,20.6,,,,0.0,,,
Titration (EP) [1],,,,,,,"Scope 1/1, Sample 9/10",,,,,,,,,,,
Measured Values,,,,"Scope 1/1, Sample 9/10",,,,,,,,,,,,,,
,Time,V,,,,Meas. value,,,dV,,,Temp.,,dE,,,,EP
,[s],[mL],,,,[mV],,,[mL],,,[°C],,[mV],,,,
,0,0.0000,,,,-53.6,,,,,,20.6,,,,,,
,1,0.0015,,,,-53.5,,,0.0015,,,20.6,,0.1,,,,
,2,0.0055,,,,-53.5,,,0.0040,,,20.6,,0.0,,,,
,3,0.0110,,,,-53.2,,,0.0055,,,20.6,,0.3,,,,
,4,0.0200,,,,-52.3,,,0.0090,,,20.6,,0.9,,,,
,5,0.0345,,,,-50.4,,,0.0145,,,20.6,,1.9,,,,
,6,0.0555,,,,-47.2,,,0.0210,,,20.6,,3.2,,,,
,7,0.0835,,,,-42.1,,,0.0280,,,20.7,,5.1,,,,
,8,0.1180,,,,-34.9,,,0.0345,,,20.6,,7.2,,,,
,9,0.1570,,,,-24.6,,,0.0390,,,20.7,,10.3,,,,
,10,0.2095,,,,-12.9,,,0.0525,,,20.7,,11.7,,,,
,11,0.2725,,,,-0.6,,,0.0630,,,20.7,,12.3,,,,
,12,0.3485,,,,12.6,,,0.0760,,,20.7,,13.2,,,,
,13,0.4360,,,,25.8,,,0.0875,,,20.7,,13.2,,,,
,14,0.5360,,,,37.7,,,0.1000,,,20.7,,11.9,,,,
,15,0.6385,,,,53.9,,,0.1025,,,20.7,,16.2,,,,
,16,0.7655,,,,71.2,,,0.1270,,,20.7,,17.3,,,,
,17,0.8870,,,,91.4,,,0.1215,,,20.7,,20.2,,,,
,18,0.8965,,,,95.7,,,0.0095,,,20.7,,4.3,,,,
,19,0.9005,,,,91.5,,,0.0040,,,20.7,,-4.2,,,,
,20,0.9060,,,,90.4,,,0.0055,,,20.7,,-1.1,,,,
,21,0.9145,,,,91.4,,,0.0085,,,20.7,,1.0,,,,
,22,0.9280,,,,93.9,,,0.0135,,,20.7,,2.5,,,,
,23,0.9460,,,,97.9,,,0.0180,,,20.7,,4.0,,,,
,24,0.9680,,,,102.4,,,0.0220,,,20.7,,4.5,,,,
,25,0.9940,,,,108.4,,,0.0260,,,20.7,,6.0,,,,
,26,1.0190,,,,113.5,,,0.0250,,,20.7,,5.1,,,,
,27,1.0475,,,,124.0,,,0.0285,,,20.7,,10.5,,,,
,28,1.0595,,,,128.5,,,0.0120,,,20.7,,4.5,,,,
,29,1.0685,,,,129.0,,,0.0090,,,20.7,,0.5,,,,
,30,1.0815,,,,132.8,,,0.0130,,,20.7,,3.8,,,,
,31,1.0975,,,,139.4,,,0.0160,,,20.7,,6.6,,,,
,32,1.1085,,,,145.0,,,0.0110,,,20.7,,5.6,,,,
,33,1.1130,,,,148.5,,,0.0045,,,20.7,,3.5,,,,
,34,1.1180,,,,151.1,,,0.0050,,,20.7,,2.6,,,,
,35,1.1245,,,,154.0,,,0.0065,,,20.7,,2.9,,,,
,36,1.1320,,,,156.9,,,0.0075,,,20.7,,2.9,,,,
,37,1.1395,,,,159.8,,,0.0075,,,20.7,,2.9,,,,
,38,1.1465,,,,162.8,,,0.0070,,,20.7,,3.0,,,,
,39,1.1510,,,,165.1,,,0.0045,,,20.7,,2.3,,,,
,40,1.1550,,,,167.2,,,0.0040,,,20.7,,2.1,,,,
,41,1.1580,,,,168.4,,,0.0030,,,20.7,,1.2,,,,
,42,1.1620,,,,169.6,,,0.0040,,,20.7,,1.2,,,,
,43,1.1670,,,,170.8,,,0.0050,,,20.7,,1.2,,,,
,44,1.1725,,,,172.3,,,0.0055,,,20.7,,1.5,,,,
,45,1.1765,,,,173.7,,,0.0040,,,20.7,,1.4,,,,
,46,1.1795,,,,174.7,,,0.0030,,,20.7,,1.0,,,,
,47,1.1820,,,,175.5,,,0.0025,,,20.7,,0.8,,,,
,48,1.1850,,,,176.1,,,0.0030,,,20.7,,0.6,,,,
,49,1.1880,,,,177.0,,,0.0030,,,20.7,,0.9,,,,
,50,1.1910,,,,177.7,,,0.0030,,,20.7,,0.7,,,,
,51,1.1935,,,,178.4,,,0.0025,,,20.7,,0.7,,,,
,52,1.1955,,,,179.1,,,0.0020,,,20.7,,0.7,,,,
,53,1.1980,,,,179.7,,,0.0025,,,20.7,,0.6,,,,
,54,1.2005,,,,180.3,,,0.0025,,,20.7,,0.6,,,,
,55,1.2020,,,,180.9,,,0.0015,,,20.7,,0.6,,,,
,56,1.2030,,,,181.2,,,0.0010,,,20.7,,0.3,,,,
,57,1.2040,,,,181.4,,,0.0010,,,20.7,,0.2,,,,
,58,1.2065,,,,181.8,,,0.0025,,,20.7,,0.4,,,,
,59,1.2070,,,,182.2,,,0.0005,,,20.7,,0.4,,,,
,60,1.2070,,,,182.5,,,0.0000,,,20.7,,0.3,,,,
,61,1.2085,,,,182.6,,,0.0015,,,20.7,,0.1,,,,
,62,1.2110,,,,182.9,,,0.0025,,,20.7,,0.3,,,,
,63,1.2110,,,,183.2,,,0.0000,,,20.7,,0.3,,,,
,64,1.2110,,,,183.4,,,0.0000,,,20.7,,0.2,,,,
,65,1.2110,,,,183.5,,,0.0000,,,20.7,,0.1,,,,
,65,1.2110,,,,183.5,,,0.0000,,,20.7,,0.0,,,,
,,1.2110,,,,183.0,,,,,,,,,,,,EP
Titration (EQP) [2],,,,,,,"Scope 1/1, Sample 9/10",,,,,,,,,,,
Measured Values,,,,"Scope 1/1, Sample 9/10",,,,,,,,,,,,,,
,Time,,V,,,,,Meas. value,,dV,,,Temp.,,,,dE,
,[s],,[mL],,,,,[mV],,[mL],,,[°C],,,,[mV],
,0,,0.0000,,,,,183.6,,,,,21.0,,,,,
,3,,0.0200,,,,,187.0,,0.0200,,,21.0,,,,3.4,
,6,,0.0400,,,,,190.6,,0.0200,,,21.0,,,,3.6,
,9,,0.0600,,,,,193.9,,0.0200,,,21.0,,,,3.3,
,12,,0.0800,,,,,196.9,,0.0200,,,21.0,,,,3.0,
,15,,0.1000,,,,,199.5,,0.0200,,,21.0,,,,2.6,
,18,,0.1200,,,,,202.0,,0.0200,,,21.0,,,,2.5,
,21,,0.1400,,,,,204.1,,0.0200,,,21.0,,,,2.1,
,24,,0.1600,,,,,206.1,,0.0200,,,21.0,,,,2.0,
,27,,0.1800,,,,,207.8,,0.0200,,,21.0,,,,1.7,
,30,,0.2000,,,,,209.5,,0.0200,,,21.0,,,,1.7,
,33,,0.2200,,,,,211.2,,0.0200,,,21.0,,,,1.7,
,36,,0.2400,,,,,212.7,,0.0200,,,21.0,,,,1.5,
,39,,0.2600,,,,,214.2,,0.0200,,,21.0,,,,1.5,
,42,,0.2800,,,,,215.5,,0.0200,,,21.0,,,,1.3,
,45,,0.3000,,,,,216.9,,0.0200,,,21.0,,,,1.4,
,48,,0.3200,,,,,218.1,,0.0200,,,21.0,,,,1.2,
,51,,0.3400,,,,,219.3,,0.0200,,,21.0,,,,1.2,
,54,,0.3600,,,,,220.3,,0.0200,,,21.0,,,,1.0,
,57,,0.3800,,,,,221.3,,0.0200,,,21.0,,,,1.0,
,60,,0.4000,,,,,222.3,,0.0200,,,21.0,,,,1.0,
,63,,0.4200,,,,,223.3,,0.0200,,,21.0,,,,1.0,
,66,,0.4400,,,,,224.3,,0.0200,,,21.0,,,,1.0,
,70,,0.4600,,,,,225.2,,0.0200,,,21.0,,,,0.9,
,72,,0.4800,,,,,226.1,,0.0200,,,21.0,,,,0.9,
,76,,0.5000,,,,,227.0,,0.0200,,,21.0,,,,0.9,
,78,,0.5200,,,,,227.8,,0.0200,,,21.1,,,,0.8,
,82,,0.5400,,,,,228.6,,0.0200,,,21.1,,,,0.8,
,84,,0.5600,,,,,229.4,,0.0200,,,21.1,,,,0.8,
,88,,0.5800,,,,,230.1,,0.0200,,,21.1,,,,0.7,
,90,,0.6000,,,,,230.8,,0.0200,,,21.1,,,,0.7,
,94,,0.6200,,,,,231.6,,0.0200,,,21.1,,,,0.8,
,97,,0.6400,,,,,232.2,,0.0200,,,21.1,,,,0.6,
,100,,0.6600,,,,,232.9,,0.0200,,,21.1,,,,0.7,
,103,,0.6800,,,,,233.6,,0.0200,,,21.1,,,,0.7,
,106,,0.7000,,,,,234.3,,0.0200,,,21.1,,,,0.7,
,109,,0.7200,,,,,234.9,,0.0200,,,21.1,,,,0.6,
,112,,0.7400,,,,,235.5,,0.0200,,,21.1,,,,0.6,
,115,,0.7600,,,,,236.0,,0.0200,,,21.1,,,,0.5,
Measure (normal) [1],,,,,,,"Scope 1/1, Sample 10/10",,,,,,,,,,,
Measured Values,,,,"Scope 1/1, Sample 10/10",,,,,,,,,,,,,,
,Time,,,,Meas. value,,,,,,Temp.,,,,dE,,,
,[s],,,,[mV],,,,,,[°C],,,,[mV],,,
,1,,,,-52.2,,,,,,20.9,,,,,,,
,2,,,,-52.2,,,,,,20.9,,,,0.0,,,
,3,,,,-52.2,,,,,,20.9,,,,0.0,,,
,4,,,,-52.2,,,,,,20.9,,,,0.0,,,
,5,,,,-52.2,,,,,,20.9,,,,0.0,,,
,6,,,,-52.2,,,,,,20.9,,,,0.0,,,
,7,,,,-52.2,,,,,,20.9,,,,0.0,,,
,8,,,,-52.2,,,,,,20.9,,,,0.0,,,
,9,,,,-52.2,,,,,,20.9,,,,0.0,,,
Titration (EP) [1],,,,,,,"Scope 1/1, Sample 10/10",,,,,,,,,,,
Measured Values,,,,"Scope 1/1, Sample 10/10",,,,,,,,,,,,,,
,Time,V,,,,Meas. value,,,dV,,,Temp.,,dE,,,,EP
,[s],[mL],,,,[mV],,,[mL],,,[°C],,[mV],,,,
,0,0.0000,,,,-52.3,,,,,,20.9,,,,,,
,1,0.0010,,,,-52.3,,,0.0010,,,20.9,,0.0,,,,
,2,0.0050,,,,-52.3,,,0.0040,,,20.9,,0.0,,,,
,3,0.0110,,,,-52.0,,,0.0060,,,20.9,,0.3,,,,
,4,0.0195,,,,-51.0,,,0.0085,,,20.9,,1.0,,,,
,5,0.0335,,,,-49.1,,,0.0140,,,20.9,,1.9,,,,
,6,0.0540,,,,-46.2,,,0.0205,,,20.9,,2.9,,,,
,7,0.0780,,,,-41.1,,,0.0240,,,20.9,,5.1,,,,
,8,0.1120,,,,-33.8,,,0.0340,,,20.9,,7.3,,,,
,9,0.1535,,,,-23.2,,,0.0415,,,20.9,,10.6,,,,
,10,0.2035,,,,-12.0,,,0.0500,,,20.9,,11.2,,,,
,11,0.2650,,,,0.5,,,0.0615,,,20.9,,12.5,,,,
,12,0.3375,,,,11.3,,,0.0725,,,20.9,,10.8,,,,
,13,0.4135,,,,24.8,,,0.0760,,,20.9,,13.5,,,,
,14,0.5105,,,,37.1,,,0.0970,,,20.9,,12.3,,,,
,15,0.6205,,,,55.0,,,0.1100,,,20.9,,17.9,,,,
,16,0.7445,,,,71.9,,,0.1240,,,20.9,,16.9,,,,
,17,0.8645,,,,93.9,,,0.1200,,,20.9,,22.0,,,,
,18,0.8705,,,,94.8,,,0.0060,,,20.9,,0.9,,,,
,19,0.8735,,,,89.2,,,0.0030,,,20.9,,-5.6,,,,
,20,0.8780,,,,87.2,,,0.0045,,,20.9,,-2.0,,,,
,21,0.8850,,,,87.4,,,0.0070,,,20.9,,0.2,,,,
,22,0.8960,,,,89.1,,,0.0110,,,20.9,,1.7,,,,
,23,0.9115,,,,92.6,,,0.0155,,,20.9,,3.5,,,,
,24,0.9295,,,,96.7,,,0.0180,,,20.9,,4.1,,,,
,25,0.9535,,,,102.8,,,0.0240,,,20.9,,6.1,,,,
,26,0.9795,,,,108.2,,,0.0260,,,20.9,,5.4,,,,
,27,1.0080,,,,115.0,,,0.0285,,,20.9,,6.8,,,,
,28,1.0380,,,,121.9,,,0.0300,,,20.9,,6.9,,,,
,29,1.0640,,,,130.1,,,0.0260,,,20.9,,8.2,,,,
,30,1.0755,,,,135.3,,,0.0115,,,20.9,,5.2,,,,
,31,1.0855,,,,137.7,,,0.0100,,,20.9,,2.4,,,,
,32,1.0975,,,,142.4,,,0.0120,,,20.9,,4.7,,,,
,33,1.1105,,,,147.6,,,0.0130,,,20.9,,5.2,,,,
,34,1.1200,,,,153.4,,,0.0095,,,20.9,,5.8,,,,
,35,1.1230,,,,156.5,,,0.0030,,,20.9,,3.1,,,,
,36,1.1255,,,,157.5,,,0.0025,,,20.9,,1.0,,,,
,37,1.1290,,,,158.8,,,0.0035,,,20.9,,1.3,,,,
,38,1.1345,,,,161.0,,,0.0055,,,20.9,,2.2,,,,
,39,1.1415,,,,163.3,,,0.0070,,,20.9,,2.3,,,,
,40,1.1485,,,,165.8,,,0.0070,,,20.9,,2.5,,,,
,41,1.1540,,,,168.0,,,0.0055,,,20.9,,2.2,,,,
,42,1.1575,,,,169.6,,,0.0035,,,20.9,,1.6,,,,
,43,1.1605,,,,170.9,,,0.0030,,,20.9,,1.3,,,,
,44,1.1635,,,,172.0,,,0.0030,,,20.9,,1.1,,,,
,45,1.1670,,,,173.0,,,0.0035,,,20.9,,1.0,,,,
,46,1.1715,,,,174.0,,,0.0045,,,20.9,,1.0,,,,
,47,1.1760,,,,175.1,,,0.0045,,,20.9,,1.1,,,,
,48,1.1790,,,,176.0,,,0.0030,,,20.9,,0.9,,,,
,49,1.1815,,,,176.9,,,0.0025,,,20.9,,0.9,,,,
,50,1.1840,,,,177.6,,,0.0025,,,20.9,,0.7,,,,
,51,1.1865,,,,178.2,,,0.0025,,,20.9,,0.6,,,,
,52,1.1885,,,,178.9,,,0.0020,,,20.9,,0.7,,,,
,53,1.1910,,,,179.4,,,0.0025,,,20.9,,0.5,,,,
,54,1.1935,,,,179.9,,,0.0025,,,20.9,,0.5,,,,
,55,1.1955,,,,180.5,,,0.0020,,,20.9,,0.6,,,,
,56,1.1965,,,,181.0,,,0.0010,,,20.9,,0.5,,,,
,57,1.1975,,,,181.2,,,0.0010,,,20.9,,0.2,,,,
,58,1.2000,,,,181.5,,,0.0025,,,20.9,,0.3,,,,
,59,1.2005,,,,182.0,,,0.0005,,,20.9,,0.5,,,,
,60,1.2005,,,,182.2,,,0.0000,,,20.9,,0.2,,,,
,61,1.2030,,,,182.4,,,0.0025,,,20.9,,0.2,,,,
,62,1.2045,,,,182.8,,,0.0015,,,20.9,,0.4,,,,
,63,1.2045,,,,183.0,,,0.0000,,,20.9,,0.2,,,,
,,1.2045,,,,183.0,,,,,,,,,,,,EP
,64,1.2050,,,,183.2,,,0.0005,,,20.9,,0.2,,,,
,65,1.2050,,,,183.3,,,0.0000,,,20.9,,0.1,,,,
,66,1.2050,,,,183.4,,,0.0000,,,20.9,,0.1,,,,
,66,1.2050,,,,183.4,,,0.0000,,,20.9,,0.0,,,,
Titration (EQP) [2],,,,,,,"Scope 1/1, Sample 10/10",,,,,,,,,,,
Measured Values,,,,"Scope 1/1, Sample 10/10",,,,,,,,,,,,,,
,Time,,V,,,,,Meas. value,,dV,,,Temp.,,,,dE,
,[s],,[mL],,,,,[mV],,[mL],,,[°C],,,,[mV],
,0,,0.0000,,,,,183.3,,,,,21.2,,,,,
,3,,0.0200,,,,,186.8,,0.0200,,,21.2,,,,3.5,
,6,,0.0400,,,,,190.5,,0.0200,,,21.2,,,,3.7,
,9,,0.0600,,,,,193.9,,0.0200,,,21.2,,,,3.4,
,12,,0.0800,,,,,196.9,,0.0200,,,21.2,,,,3.0,
,15,,0.1000,,,,,199.5,,0.0200,,,21.2,,,,2.6,
,18,,0.1200,,,,,202.0,,0.0200,,,21.2,,,,2.5,
,21,,0.1400,,,,,204.2,,0.0200,,,21.2,,,,2.2,
,24,,0.1600,,,,,206.1,,0.0200,,,21.2,,,,1.9,
,27,,0.1800,,,,,207.9,,0.0200,,,21.3,,,,1.8,
,30,,0.2000,,,,,209.6,,0.0200,,,21.3,,,,1.7,
,33,,0.2200,,,,,211.2,,0.0200,,,21.3,,,,1.6,
,36,,0.2400,,,,,212.8,,0.0200,,,21.3,,,,1.6,
,39,,0.2600,,,,,214.2,,0.0200,,,21.3,,,,1.4,
,42,,0.2800,,,,,215.6,,0.0200,,,21.3,,,,1.4,
,45,,0.3000,,,,,217.0,,0.0200,,,21.3,,,,1.4,
,48,,0.3200,,,,,218.2,,0.0200,,,21.3,,,,1.2,
,51,,0.3400,,,,,219.4,,0.0200,,,21.3,,,,1.2,
,54,,0.3600,,,,,220.5,,0.0200,,,21.3,,,,1.1,
,57,,0.3800,,,,,221.5,,0.0200,,,21.3,,,,1.0,
,60,,0.4000,,,,,222.5,,0.0200,,,21.3,,,,1.0,
,63,,0.4200,,,,,223.5,,0.0200,,,21.3,,,,1.0,
,66,,0.4400,,,,,224.5,,0.0200,,,21.3,,,,1.0,
,70,,0.4600,,,,,225.4,,0.0200,,,21.3,,,,0.9,
,72,,0.4800,,,,,226.3,,0.0200,,,21.3,,,,0.9,
,76,,0.5000,,,,,227.2,,0.0200,,,21.3,,,,0.9,
,78,,0.5200,,,,,228.0,,0.0200,,,21.3,,,,0.8,
,82,,0.5400,,,,,228.8,,0.0200,,,21.3,,,,0.8,
,84,,0.5600,,,,,229.6,,0.0200,,,21.3,,,,0.8,
,88,,0.5800,,,,,230.3,,0.0200,,,21.3,,,,0.7,
,90,,0.6000,,,,,231.0,,0.0200,,,21.3,,,,0.7,
,94,,0.6200,,,,,231.7,,0.0200,,,21.3,,,,0.7,
,97,,0.6400,,,,,232.4,,0.0200,,,21.3,,,,0.7,
,100,,0.6600,,,,,233.1,,0.0200,,,21.3,,,,0.7,
,103,,0.6800,,,,,233.8,,0.0200,,,21.3,,,,0.7,
,106,,0.7000,,,,,234.5,,0.0200,,,21.3,,,,0.7,
,109,,0.7200,,,,,235.1,,0.0200,,,21.3,,,,0.6,
,112,,0.7400,,,,,235.7,,0.0200,,,21.3,,,,0.6,
,115,,0.7600,,,,,236.3,,0.0200,,,21.3,,,,0.6,
4/20/2021 5:19:15 PM,,,,SystemInternal,,,,,,,,,,,,1/1,,
